N,analytic_rank,found_generators,generators_on_connected_component
4,1,True,1
6,1,True,1
8,0,True,0
10,1,True,1
12,1,True,1
14,1,True,1
16,1,True,1
18,1,True,1
20,0,True,0
22,0,True,0
24,1,True,1
26,0,True,0
28,1,True,1
30,0,True,0
32,1,True,1
34,2,True,2
36,0,True,0
38,1,True,1
40,1,True,0
42,1,True,1
44,1,True,0
46,1,True,1
48,1,True,1
50,1,True,0
52,0,True,0
54,0,True,0
56,0,True,0
58,1,True,1
60,1,True,1
62,0,True,0
64,0,True,0
66,1,True,1
68,1,True,0
70,0,True,0
72,0,True,0
74,0,True,0
76,1,True,1
78,0,True,0
80,1,True,0
82,1,True,1
84,0,True,0
86,0,True,0
88,0,True,0
90,0,True,0
92,1,True,1
94,2,True,1
96,0,True,0
98,2,True,1
100,0,True,0
102,1,True,1
104,1,True,0
106,1,True,0
108,0,True,0
110,1,True,0
112,1,True,1
114,2,True,1
116,1,True,1
118,0,True,0
120,0,True,0
122,0,True,0
124,1,True,0
126,1,False,0
128,1,True,0
130,1,True,1
132,1,True,1
134,0,True,0
136,1,True,1
138,0,True,0
140,0,True,0
142,0,True,0
144,2,True,1
146,1,True,1
148,0,True,0
150,0,True,0
152,2,True,1
154,0,True,0
156,1,False,0
158,1,True,1
160,2,True,1
162,1,True,1
164,0,True,0
166,2,True,1
168,0,True,0
170,1,True,0
172,0,True,0
174,0,True,0
176,1,True,0
178,1,True,1
180,1,True,0
182,1,True,1
184,1,True,1
186,1,True,1
188,0,True,0
190,0,True,0
192,0,True,0
194,0,True,0
196,1,True,1
198,1,False,0
200,1,True,1
202,0,True,0
204,0,True,0
206,1,False,0
208,0,True,0
210,0,True,0
212,0,True,0
214,2,True,1
216,1,True,0
218,1,True,1
220,1,True,0
222,0,True,0
224,1,True,0
226,1,True,0
228,2,True,2
230,1,True,0
232,1,True,1
234,1,True,0
236,1,True,0
238,1,True,0
240,0,True,0
242,0,True,0
244,2,True,1
246,0,True,0
248,1,True,0
250,0,True,0
252,0,True,0
254,1,True,0
256,1,True,0
258,2,True,1
260,2,True,0
262,0,True,0
264,0,True,0
266,1,True,1
268,2,True,1
270,1,True,1
272,0,True,0
274,1,True,0
276,1,True,1
278,0,True,0
280,0,True,0
282,1,True,1
284,0,True,0
286,0,True,0
288,0,True,0
290,1,True,0
292,0,True,0
294,0,True,0
296,0,True,0
298,0,True,0
300,2,True,1
302,0,True,0
304,1,False,0
306,0,True,0
308,0,True,0
310,1,True,1
312,1,True,1
314,1,True,1
316,0,True,0
318,1,False,0
320,1,True,0
322,0,True,0
324,2,True,0
326,0,True,0
328,1,False,0
330,1,True,0
332,1,True,1
334,1,True,0
336,1,True,1
338,1,True,1
340,0,True,0
342,1,True,0
344,0,True,0
346,1,True,1
348,1,True,1
350,0,True,0
352,0,True,0
354,0,True,0
356,0,True,0
358,1,True,0
360,1,True,0
362,1,True,1
364,1,True,1
366,0,True,0
368,0,True,0
370,1,True,0
372,1,True,0
374,0,True,0
376,0,True,0
378,1,False,0
380,1,True,0
382,1,True,1
384,2,True,1
386,1,True,0
388,1,True,1
390,1,True,0
392,0,True,0
394,1,False,0
396,0,True,0
398,1,True,0
400,0,True,0
402,1,False,0
404,1,True,0
406,2,True,1
408,1,False,0
410,1,True,0
412,0,True,0
414,0,True,0
416,0,True,0
418,0,True,0
420,1,True,0
422,1,True,1
424,3,True,1
426,2,True,2
428,1,True,0
430,0,True,0
432,0,True,0
434,0,True,0
436,0,True,0
438,1,True,1
440,1,True,0
442,1,False,0
444,1,True,0
446,0,True,0
448,0,True,0
450,1,True,0
452,1,True,0
454,1,True,0
456,0,True,0
458,1,False,0
460,1,True,0
462,0,True,0
464,0,True,0
466,2,True,1
468,1,True,0
470,0,True,0
472,0,True,0
474,0,True,0
476,0,True,0
478,0,True,0
480,0,True,0
482,0,True,0
484,1,True,0
486,2,True,1
488,1,False,0
490,1,True,0
492,1,True,1
494,0,True,0
496,0,True,0
498,1,True,0
500,1,True,0
502,0,True,0
504,0,True,0
506,2,True,1
508,0,True,0
510,1,True,1
512,1,True,1
514,0,True,0
516,0,True,0
518,0,True,0
520,2,True,0
522,1,True,1
524,1,True,0
526,1,False,0
528,0,True,0
530,1,False,0
532,0,True,0
534,1,True,0
536,1,False,0
538,1,True,0
540,1,True,0
542,0,True,0
544,1,True,0
546,0,True,0
548,1,False,0
550,0,True,0
552,0,True,0
554,1,True,0
556,2,True,1
558,0,True,0
560,0,True,0
562,1,False,0
564,1,True,1
566,0,True,0
568,1,True,0
570,0,True,0
572,1,True,0
574,0,True,0
576,0,True,0
578,1,True,1
580,2,True,1
582,2,True,1
584,0,True,0
586,0,True,0
588,0,True,0
590,0,True,0
592,2,True,2
594,0,True,0
596,0,True,0
598,1,True,0
600,1,True,0
602,1,True,0
604,2,True,1
606,1,True,1
608,0,True,0
610,0,True,0
612,1,True,1
614,0,True,0
616,1,False,0
618,2,True,1
620,2,True,1
622,1,True,1
624,2,True,1
626,1,False,0
628,1,True,0
630,1,True,0
632,0,True,0
634,1,True,0
636,1,False,0
638,0,True,0
640,0,True,0
642,1,True,1
644,1,False,0
646,0,True,0
648,0,True,0
650,1,True,0
652,0,True,0
654,1,True,1
656,0,True,0
658,2,True,1
660,1,True,1
662,0,True,0
664,1,True,1
666,0,True,0
668,0,True,0
670,1,False,0
672,0,True,0
674,0,True,0
676,2,True,1
678,0,True,0
680,3,True,0
682,0,True,0
684,1,True,0
686,1,True,1
688,1,False,0
690,1,True,1
692,1,False,0
694,0,True,0
696,0,True,0
698,1,False,0
700,0,True,0
702,0,True,0
704,0,True,0
706,2,True,1
708,0,True,0
710,1,True,0
712,0,True,0
714,1,True,1
716,0,True,0
718,1,False,0
720,0,True,0
722,2,True,0
724,1,True,1
726,1,True,0
728,1,False,0
730,1,False,0
732,1,True,1
734,0,True,0
736,1,True,0
738,0,True,0
740,0,True,0
742,0,True,0
744,1,False,0
746,1,False,0
748,0,True,0
750,1,True,0
752,0,True,0
754,2,True,0
756,1,False,0
758,1,True,0
760,2,True,1
762,1,True,1
764,0,True,0
766,1,True,0
768,1,True,0
770,0,True,0
772,0,True,0
774,1,True,1
776,1,True,1
778,1,True,0
780,0,True,0
782,2,True,1
784,1,True,0
786,0,True,0
788,0,True,0
790,2,True,0
792,0,True,0
794,1,True,0
796,1,False,0
798,1,False,0
800,0,True,0
802,1,True,0
804,0,True,0
806,1,True,0
808,1,False,0
810,1,True,0
812,1,True,1
814,0,True,0
816,2,True,1
818,1,False,0
820,1,True,0
822,0,True,0
824,1,True,0
826,2,True,1
828,1,True,0
830,0,True,0
832,1,False,0
834,0,True,0
836,1,False,0
838,1,True,0
840,1,False,0
842,0,True,0
844,0,True,0
846,1,False,0
848,1,True,0
850,1,True,0
852,1,True,1
854,0,True,0
856,0,True,0
858,0,True,0
860,2,True,0
862,0,True,0
864,0,True,0
866,1,True,0
868,0,True,0
870,0,True,0
872,0,True,0
874,2,True,1
876,1,True,1
878,0,True,0
880,1,False,0
882,1,False,0
884,1,True,0
886,1,True,1
888,0,True,0
890,1,True,0
892,1,False,0
894,1,True,0
896,1,False,0
898,1,True,0
900,1,True,0
902,1,False,0
904,1,True,0
906,1,True,0
908,1,True,0
910,0,True,0
912,1,True,1
914,0,True,0
916,1,False,0
918,1,False,0
920,1,True,0
922,0,True,0
924,1,False,0
926,0,True,0
928,1,True,1
930,0,True,0
932,1,True,0
934,2,False,0
936,0,True,0
938,1,True,1
940,2,True,1
942,1,True,1
944,0,True,0
946,1,False,0
948,1,False,0
950,0,True,0
952,1,True,1
954,1,False,0
956,0,True,0
958,0,True,0
960,1,True,0
962,0,True,0
964,0,True,0
966,1,False,0
968,0,True,0
970,2,True,1
972,1,False,0
974,0,True,0
976,1,False,0
978,1,True,0
980,0,True,0
982,2,True,1
984,1,False,0
986,0,True,0
988,0,True,0
990,0,True,0
992,1,True,0
994,2,True,1
996,1,True,1
998,1,True,0
1000,1,False,0
1002,0,True,0
1004,1,True,0
1006,2,True,0
1008,1,False,0
1010,0,True,0
1012,0,True,0
1014,2,True,1
1016,1,True,0
1018,1,False,0
1020,2,True,1
1022,1,False,0
1024,1,True,1
1026,0,True,0
1028,0,True,0
1030,1,True,0
1032,0,True,0
1034,1,False,0
1036,0,True,0
1038,1,False,0
1040,1,True,0
1042,1,True,1
1044,0,True,0
1046,0,True,0
1048,2,True,0
1050,1,False,0
1052,1,True,0
1054,1,True,1
1056,1,False,0
1058,1,False,0
1060,1,True,1
1062,1,False,0
1064,0,True,0
1066,1,False,0
1068,1,True,1
1070,1,True,1
1072,0,True,0
1074,1,False,0
1076,0,True,0
1078,0,True,0
1080,0,True,0
1082,0,True,0
1084,1,True,1
1086,1,False,0
1088,1,False,0
1090,0,True,0
1092,1,False,0
1094,1,True,0
1096,1,True,0
1098,1,True,0
1100,1,True,0
1102,0,True,0
1104,2,True,1
1106,1,False,0
1108,0,True,0
1110,1,True,0
1112,1,False,0
1114,1,True,0
1116,1,False,0
1118,1,True,0
1120,2,True,1
1122,0,True,0
1124,0,True,0
1126,1,True,1
1128,0,True,0
1130,1,True,0
1132,0,True,0
1134,0,True,0
1136,2,True,1
1138,0,True,0
1140,1,True,0
1142,0,True,0
1144,1,True,1
1146,0,True,0
1148,1,False,0
1150,0,True,0
1152,0,True,0
1154,0,True,0
1156,1,True,1
1158,1,False,0
1160,2,True,0
1162,0,True,0
1164,1,False,0
1166,1,False,0
1168,1,True,1
1170,1,True,0
1172,0,True,0
1174,1,True,0
1176,1,False,0
1178,1,True,0
1180,0,True,0
1182,1,True,1
1184,1,True,0
1186,1,False,0
1188,0,True,0
1190,1,True,0
1192,0,True,0
1194,1,True,1
1196,0,True,0
1198,1,False,0
1200,0,True,0
1202,0,True,0
1204,1,False,0
1206,1,True,1
1208,0,True,0
1210,0,True,0
1212,0,True,0
1214,0,True,0
1216,1,False,0
1218,2,True,2
1220,1,True,0
1222,0,True,0
1224,1,False,0
1226,0,True,0
1228,1,False,0
1230,1,True,0
1232,1,False,0
1234,1,False,0
1236,0,True,0
1238,1,True,0
1240,0,True,0
1242,1,False,0
1244,1,False,0
1246,1,True,1
1248,2,True,1
1250,1,False,0
1252,0,True,0
1254,1,False,0
1256,1,False,0
1258,1,True,0
1260,0,True,0
1262,0,True,0
1264,1,True,1
1266,0,True,0
1268,1,True,0
1270,0,True,0
1272,1,True,1
1274,0,True,0
1276,1,False,0
1278,0,True,0
1280,1,True,0
1282,0,True,0
1284,0,True,0
1286,1,False,0
1288,1,False,0
1290,1,False,0
1292,1,False,0
1294,1,False,0
1296,0,True,0
1298,0,True,0
1300,1,True,0
1302,1,False,0
1304,0,True,0
1306,1,False,0
1308,1,True,1
1310,0,True,0
1312,1,False,0
1314,0,True,0
1316,1,False,0
1318,0,True,0
1320,1,True,1
1322,1,False,0
1324,0,True,0
1326,1,False,0
1328,1,False,0
1330,0,True,0
1332,1,False,0
1334,1,True,0
1336,3,True,1
1338,0,True,0
1340,0,True,0
1342,1,False,0
1344,0,True,0
1346,0,True,0
1348,1,True,1
1350,0,True,0
1352,1,True,0
1354,1,False,0
1356,2,True,0
1358,0,True,0
1360,1,True,1
1362,1,True,1
1364,0,True,0
1366,1,True,0
1368,1,True,0
1370,1,True,0
1372,0,True,0
1374,0,True,0
1376,1,False,0
1378,0,True,0
1380,1,False,0
1382,1,True,0
1384,1,True,0
1386,0,True,0
1388,0,True,0
1390,1,False,0
1392,1,True,1
1394,1,True,0
1396,1,False,0
1398,0,True,0
1400,1,True,0
1402,0,True,0
1404,1,True,0
1406,1,False,0
1408,1,True,0
1410,2,True,1
1412,2,True,0
1414,0,True,0
1416,1,False,0
1418,1,True,1
1420,2,True,1
1422,1,True,0
1424,1,True,0
1426,1,True,0
1428,1,False,0
1430,1,False,0
1432,0,True,0
1434,1,True,0
1436,0,True,0
1438,0,True,0
1440,0,True,0
1442,1,True,1
1444,1,False,0
1446,0,True,0
1448,1,False,0
1450,1,True,0
1452,0,True,0
1454,1,True,0
1456,1,False,0
1458,0,True,0
1460,1,True,1
1462,0,True,0
1464,0,True,0
1466,1,False,0
1468,1,False,0
1470,0,True,0
1472,1,True,0
1474,0,True,0
1476,0,True,0
1478,1,True,0
1480,0,True,0
1482,0,True,0
1484,1,False,0
1486,2,True,1
1488,1,False,0
1490,0,True,0
1492,1,True,1
1494,1,False,0
1496,1,True,0
1498,1,True,0
1500,1,True,0
1502,1,True,1
1504,0,True,0
1506,1,False,0
1508,0,True,0
1510,0,True,0
1512,0,True,0
1514,0,True,0
1516,1,True,0
1518,1,True,0
1520,0,True,0
1522,1,False,0
1524,2,True,0
1526,1,False,0
1528,0,True,0
1530,1,True,1
1532,0,True,0
1534,0,True,0
1536,0,True,0
1538,1,True,0
1540,1,False,0
1542,1,True,0
1544,1,True,1
1546,0,True,0
1548,1,False,0
1550,0,True,0
1552,1,False,0
1554,0,True,0
1556,0,True,0
1558,1,True,1
1560,1,True,1
1562,0,True,0
1564,2,True,1
1566,0,True,0
1568,1,True,0
1570,1,True,1
1572,0,True,0
1574,1,True,0
1576,2,True,0
1578,1,False,0
1580,1,False,0
1582,1,False,0
1584,0,True,0
1586,1,True,1
1588,1,True,1
1590,1,True,0
1592,2,True,2
1594,2,True,0
1596,1,False,0
1598,0,True,0
1600,0,True,0
1602,1,False,0
1604,0,True,0
1606,1,False,0
1608,0,True,0
1610,1,True,0
1612,1,True,0
1614,1,True,1
1616,1,False,0
1618,1,False,0
1620,0,True,0
1622,0,True,0
1624,1,True,0
1626,1,True,1
1628,1,False,0
1630,1,False,0
1632,1,False,0
1634,1,False,0
1636,2,True,0
1638,0,True,0
1640,1,True,0
1642,0,True,0
1644,2,True,1
1646,0,True,0
1648,1,True,1
1650,0,True,0
1652,1,False,0
1654,0,True,0
1656,1,False,0
1658,1,False,0
1660,0,True,0
1662,0,True,0
1664,0,True,0
1666,0,True,0
1668,1,False,0
1670,1,True,0
1672,1,True,1
1674,2,True,1
1676,0,True,0
1678,1,False,0
1680,1,False,0
1682,1,False,0
1684,1,False,0
1686,0,True,0
1688,2,True,1
1690,1,False,0
1692,1,False,0
1694,0,True,0
1696,0,True,0
1698,0,True,0
1700,1,True,0
1702,1,False,0
1704,0,True,0
1706,0,True,0
1708,1,False,0
1710,1,True,0
1712,0,True,0
1714,0,True,0
1716,1,False,0
1718,1,False,0
1720,0,True,0
1722,0,True,0
1724,1,True,0
1726,1,True,1
1728,1,False,0
1730,0,True,0
1732,0,True,0
1734,2,True,0
1736,0,True,0
1738,0,True,0
1740,1,True,0
1742,0,True,0
1744,0,True,0
1746,1,True,1
1748,2,True,1
1750,1,True,1
1752,1,True,1
1754,0,True,0
1756,1,False,0
1758,0,True,0
1760,0,True,0
1762,1,False,0
1764,2,True,1
1766,3,True,2
1768,1,True,1
1770,0,True,0
1772,1,True,0
1774,0,True,0
1776,0,True,0
1778,1,False,0
1780,1,True,0
1782,0,True,0
1784,0,True,0
1786,1,True,0
1788,1,True,1
1790,1,True,0
1792,1,False,0
1794,0,True,0
1796,1,False,0
1798,0,True,0
1800,0,True,0
1802,0,True,0
1804,0,True,0
1806,0,True,0
1808,1,True,0
1810,1,True,1
1812,1,True,0
1814,1,False,0
1816,1,False,0
1818,1,True,0
1820,0,True,0
1822,1,True,1
1824,1,True,1
1826,1,False,0
1828,1,False,0
1830,0,True,0
1832,0,True,0
1834,1,False,0
1836,1,False,0
1838,1,False,0
1840,0,True,0
1842,0,True,0
1844,2,True,0
1846,1,True,0
1848,1,False,0
1850,1,True,0
1852,1,False,0
1854,2,True,0
1856,0,True,0
1858,0,True,0
1860,1,True,1
1862,0,True,0
1864,1,False,0
1866,0,True,0
1868,1,False,0
1870,0,True,0
1872,0,True,0
1874,0,True,0
1876,1,False,0
1878,1,True,1
1880,0,True,0
1882,1,False,0
1884,0,True,0
1886,0,True,0
1888,0,True,0
1890,0,True,0
1892,0,True,0
1894,1,True,1
1896,1,True,1
1898,1,True,0
1900,1,True,1
1902,0,True,0
1904,0,True,0
1906,0,True,0
1908,1,True,1
1910,0,True,0
1912,1,True,1
1914,1,False,0
1916,0,True,0
1918,1,False,0
1920,0,True,0
1922,0,True,0
1924,1,False,0
1926,1,True,0
1928,1,True,0
1930,2,True,0
1932,0,True,0
1934,0,True,0
1936,1,False,0
1938,1,False,0
1940,1,True,0
1942,0,True,0
1944,1,False,0
1946,0,True,0
1948,1,True,0
1950,0,True,0
1952,1,True,1
1954,0,True,0
1956,1,False,0
1958,1,False,0
1960,1,False,0
1962,0,True,0
1964,0,True,0
1966,1,False,0
1968,0,True,0
1970,0,True,0
1972,1,True,0
1974,1,False,0
1976,1,False,0
1978,0,True,0
1980,1,True,0
1982,0,True,0
1984,2,True,1
1986,0,True,0
1988,0,True,0
1990,1,True,1
1992,1,True,1
1994,1,True,0
1996,0,True,0
1998,0,True,0
2000,0,True,0
2002,1,False,0
2004,2,False,0
2006,1,True,0
2008,1,False,0
2010,1,True,0
2012,1,False,0
2014,1,True,0
2016,1,True,0
2018,0,True,0
2020,1,False,0
2022,1,False,0
2024,0,True,0
2026,1,False,0
2028,1,True,1
2030,0,True,0
2032,1,False,0
2034,1,False,0
2036,1,True,0
2038,0,True,0
2040,2,True,0
2042,0,True,0
2044,0,True,0
2046,1,False,0
2048,1,False,0
2050,1,False,0
2052,1,True,1
2054,1,True,0
2056,0,True,0
2058,2,True,1
2060,0,True,0
2062,0,True,0
2064,1,False,0
2066,1,False,0
2068,1,False,0
2070,1,False,0
2072,1,False,0
2074,1,True,1
2076,0,True,0
2078,1,True,1
2080,1,True,0
2082,2,True,1
2084,1,True,0
2086,2,False,0
2088,0,True,0
2090,1,True,1
2092,0,True,0
2094,1,False,0
2096,1,False,0
2098,1,False,0
2100,0,True,0
2102,0,True,0
2104,1,True,0
2106,1,True,1
2108,0,True,0
2110,0,True,0
2112,1,False,0
2114,0,True,0
2116,1,True,1
2118,1,False,0
2120,1,True,0
2122,1,False,0
2124,0,True,0
2126,0,True,0
2128,1,False,0
2130,0,True,0
2132,0,True,0
2134,0,True,0
2136,0,True,0
2138,0,True,0
2140,0,True,0
2142,1,True,1
2144,0,True,0
2146,0,True,0
2148,1,True,0
2150,2,True,0
2152,1,False,0
2154,0,True,0
2156,2,True,1
2158,1,False,0
2160,1,False,0
2162,1,True,0
2164,1,False,0
2166,2,True,1
2168,0,True,0
2170,0,True,0
2172,1,False,0
2174,1,False,0
2176,1,False,0
2178,0,True,0
2180,0,True,0
2182,1,True,0
2184,0,True,0
2186,0,True,0
2188,1,True,0
2190,1,False,0
2192,0,True,0
2194,1,True,0
2196,1,False,0
2198,0,True,0
2200,0,True,0
2202,1,True,1
2204,1,False,0
2206,1,True,0
2208,0,True,0
2210,0,True,0
2212,1,False,0
2214,1,True,0
2216,1,True,0
2218,1,True,0
2220,1,True,0
2222,0,True,0
2224,1,False,0
2226,1,False,0
2228,2,True,0
2230,1,True,1
2232,1,True,1
2234,1,True,0
2236,1,False,0
2238,0,True,0
2240,0,True,0
2242,0,True,0
2244,0,True,0
2246,1,False,0
2248,0,True,0
2250,1,True,0
2252,1,False,0
2254,0,True,0
2256,1,False,0
2258,1,True,0
2260,1,True,1
2262,0,True,0
2264,0,True,0
2266,1,False,0
2268,0,True,0
2270,0,True,0
2272,1,True,1
2274,0,True,0
2276,0,True,0
2278,2,False,0
2280,0,True,0
2282,1,False,0
2284,0,True,0
2286,1,False,0
2288,0,True,0
2290,0,True,0
2292,0,True,0
2294,0,True,0
2296,0,True,0
2298,1,True,0
2300,0,True,0
2302,2,True,1
2304,1,False,0
2306,1,False,0
2308,0,True,0
2310,1,False,0
2312,1,False,0
2314,0,True,0
2316,1,False,0
2318,0,True,0
2320,1,False,0
2322,1,True,0
2324,1,True,0
2326,0,True,0
2328,0,True,0
2330,1,True,0
2332,1,True,0
2334,1,False,0
2336,0,True,0
2338,0,True,0
2340,1,True,0
2342,1,True,0
2344,1,False,0
2346,1,True,0
2348,1,False,0
2350,1,True,0
2352,1,False,0
2354,1,False,0
2356,2,True,1
2358,1,False,0
2360,1,True,0
2362,1,False,0
2364,0,True,0
2366,1,True,1
2368,0,True,0
2370,0,True,0
2372,0,True,0
2374,0,True,0
2376,1,False,0
2378,1,True,0
2380,1,True,0
2382,2,True,2
2384,0,True,0
2386,1,False,0
2388,1,False,0
2390,3,True,0
2392,1,False,0
2394,0,True,0
2396,1,True,0
2398,1,False,0
2400,1,True,0
2402,1,True,0
2404,1,True,1
2406,1,True,1
2408,0,True,0
2410,1,False,0
2412,0,True,0
2414,2,True,1
2416,2,True,1
2418,0,True,0
2420,1,True,0
2422,1,True,0
2424,0,True,0
2426,0,True,0
2428,0,True,0
2430,1,False,0
2432,1,False,0
2434,0,True,0
2436,1,False,0
2438,1,True,1
2440,1,False,0
2442,2,True,2
2444,0,True,0
2446,1,False,0
2448,2,True,1
2450,1,False,0
2452,1,False,0
2454,2,True,1
2456,1,False,0
2458,0,True,0
2460,1,False,0
2462,1,True,0
2464,1,False,0
2466,0,True,0
2468,1,False,0
2470,1,True,0
2472,1,True,0
2474,1,False,0
2476,1,True,0
2478,1,False,0
2480,0,True,0
2482,1,False,0
2484,0,True,0
2486,0,True,0
2488,1,False,0
2490,1,True,0
2492,0,True,0
2494,1,False,0
2496,1,True,1
2498,1,False,0
2500,1,True,0
2502,0,True,0
2504,2,True,0
2506,1,True,0
2508,0,True,0
2510,1,True,0
2512,1,True,1
2514,0,True,0
2516,1,False,0
2518,0,True,0
2520,0,True,0
2522,2,True,1
2524,0,True,0
2526,0,True,0
2528,0,True,0
2530,0,True,0
2532,0,True,0
2534,1,False,0
2536,2,True,1
2538,0,True,0
2540,1,True,0
2542,1,False,0
2544,1,False,0
2546,1,False,0
2548,0,True,0
2550,1,True,1
2552,1,False,0
2554,2,False,0
2556,0,True,0
2558,1,False,0
2560,1,False,0
2562,1,True,1
2564,1,True,0
2566,0,True,0
2568,1,False,0
2570,1,True,0
2572,1,False,0
2574,0,True,0
2576,1,False,0
2578,1,False,0
2580,1,False,0
2582,1,True,0
2584,0,True,0
2586,0,True,0
2588,2,True,0
2590,0,True,0
2592,1,False,0
2594,1,True,0
2596,0,True,0
2598,1,False,0
2600,0,True,0
2602,1,True,0
2604,0,True,0
2606,1,False,0
2608,0,True,0
2610,1,True,0
2612,1,True,1
2614,2,True,1
2616,1,False,0
2618,0,True,0
2620,1,False,0
2622,1,False,0
2624,1,True,0
2626,0,True,0
2628,0,True,0
2630,0,True,0
2632,0,True,0
2634,0,True,0
2636,1,False,0
2638,0,True,0
2640,1,True,1
2642,1,True,1
2644,0,True,0
2646,2,False,0
2648,1,True,0
2650,1,False,0
2652,1,True,0
2654,1,True,0
2656,2,False,0
2658,0,True,0
2660,0,True,0
2662,0,True,0
2664,0,True,0
2666,1,True,1
2668,0,True,0
2670,0,True,0
2672,1,False,0
2674,1,False,0
2676,1,False,0
2678,0,True,0
2680,2,True,0
2682,0,True,0
2684,0,True,0
2686,0,True,0
2688,1,False,0
2690,0,True,0
2692,0,True,0
2694,1,False,0
2696,0,True,0
2698,1,False,0
2700,1,True,0
2702,0,True,0
2704,1,False,0
2706,2,True,1
2708,1,False,0
2710,1,True,0
2712,0,True,0
2714,1,True,1
2716,2,False,0
2718,1,False,0
2720,0,True,0
2722,1,False,0
2724,1,True,0
2726,1,True,1
2728,0,True,0
2730,1,False,0
2732,2,True,1
2734,1,False,0
2736,0,True,0
2738,0,True,0
2740,1,False,0
2742,0,True,0
2744,2,True,1
2746,1,True,0
2748,0,True,0
2750,0,True,0
2752,0,True,0
2754,1,True,0
2756,2,True,1
2758,1,False,0
2760,1,True,1
2762,1,False,0
2764,1,True,0
2766,0,True,0
2768,0,True,0
2770,0,True,0
2772,0,True,0
2774,1,False,0
2776,1,True,0
2778,1,False,0
2780,2,True,0
2782,1,False,0
2784,1,False,0
2786,1,False,0
2788,1,False,0
2790,0,True,0
2792,2,True,1
2794,0,True,0
2796,0,True,0
2798,0,True,0
2800,2,True,0
2802,0,True,0
2804,1,False,0
2806,2,True,0
2808,1,True,0
2810,0,True,0
2812,1,True,0
2814,1,False,0
2816,1,False,0
2818,2,True,1
2820,0,True,0
2822,1,True,0
2824,1,False,0
2826,1,False,0
2828,0,True,0
2830,1,True,0
2832,1,True,0
2834,1,True,0
2836,1,False,0
2838,0,True,0
2840,0,True,0
2842,0,True,0
2844,1,True,0
2846,2,True,2
2848,1,False,0
2850,0,True,0
2852,0,True,0
2854,0,True,0
2856,0,True,0
2858,1,False,0
2860,1,False,0
2862,1,False,0
2864,0,True,0
2866,3,True,2
2868,1,True,0
2870,0,True,0
2872,0,True,0
2874,0,True,0
2876,1,False,0
2878,0,True,0
2880,1,False,0
2882,0,True,0
2884,1,True,0
2886,0,True,0
2888,1,True,0
2890,1,True,1
2892,0,True,0
2894,0,True,0
2896,1,False,0
2898,1,False,0
2900,1,True,0
2902,0,True,0
2904,1,True,0
2906,0,True,0
2908,0,True,0
2910,1,False,0
2912,1,False,0
2914,0,True,0
2916,0,True,0
2918,1,True,1
2920,1,True,0
2922,0,True,0
2924,0,True,0
2926,0,True,0
2928,1,False,0
2930,1,True,0
2932,0,True,0
2934,1,False,0
2936,0,True,0
2938,1,False,0
2940,0,True,0
2942,1,False,0
2944,1,False,0
2946,0,True,0
2948,1,False,0
2950,0,True,0
2952,0,True,0
2954,1,False,0
2956,0,True,0
2958,0,True,0
2960,0,True,0
2962,0,True,0
2964,1,True,1
2966,0,True,0
2968,1,False,0
2970,1,False,0
2972,0,True,0
2974,2,True,1
2976,1,False,0
2978,1,False,0
2980,1,True,0
2982,1,False,0
2984,1,False,0
2986,0,True,0
2988,0,True,0
2990,0,True,0
2992,1,False,0
2994,1,True,0
2996,1,False,0
2998,1,False,0
3000,2,True,2
3002,0,True,0
3004,0,True,0
3006,1,False,0
3008,1,False,0
3010,0,True,0
3012,1,True,1
3014,1,False,0
3016,1,False,0
3018,1,False,0
3020,0,True,0
3022,0,True,0
3024,1,False,0
3026,0,True,0
3028,0,True,0
3030,2,False,0
3032,2,True,0
3034,0,True,0
3036,0,True,0
3038,0,True,0
3040,0,True,0
3042,1,False,0
3044,0,True,0
3046,1,True,0
3048,1,False,0
3050,1,True,0
3052,0,True,0
3054,1,False,0
3056,1,False,0
3058,1,False,0
3060,0,True,0
3062,1,False,0
3064,0,True,0
3066,1,True,1
3068,0,True,0
3070,0,True,0
3072,0,True,0
3074,1,False,0
3076,0,True,0
3078,0,True,0
3080,0,True,0
3082,0,True,0
3084,2,True,1
3086,0,True,0
3088,1,False,0
3090,1,False,0
3092,0,True,0
3094,0,True,0
3096,1,False,0
3098,1,True,0
3100,0,True,0
3102,1,False,0
3104,0,True,0
3106,2,False,0
3108,1,False,0
3110,0,True,0
3112,1,False,0
3114,0,True,0
3116,1,True,0
3118,0,True,0
3120,1,False,0
3122,0,True,0
3124,0,True,0
3126,0,True,0
3128,0,True,0
3130,2,True,1
3132,1,True,0
3134,1,True,0
3136,0,True,0
3138,1,False,0
3140,0,True,0
3142,1,True,0
3144,0,True,0
3146,2,False,0
3148,0,True,0
3150,1,False,0
3152,1,False,0
3154,0,True,0
3156,0,True,0
3158,1,False,0
3160,1,False,0
3162,1,True,1
3164,1,False,0
3166,1,False,0
3168,1,False,0
3170,0,True,0
3172,1,True,0
3174,1,False,0
3176,0,True,0
3178,1,False,0
3180,0,True,0
3182,1,False,0
3184,1,True,0
3186,1,False,0
3188,0,True,0
3190,0,True,0
3192,0,True,0
3194,0,True,0
3196,2,False,0
3198,1,True,1
3200,0,True,0
3202,1,False,0
3204,2,True,0
3206,1,True,0
3208,0,True,0
3210,0,True,0
3212,1,False,0
3214,2,True,0
3216,1,False,0
3218,0,True,0
3220,0,True,0
3222,2,False,0
3224,0,True,0
3226,0,True,0
3228,1,False,0
3230,1,True,0
3232,0,True,0
3234,1,False,0
3236,0,True,0
3238,0,True,0
3240,0,True,0
3242,1,False,0
3244,0,True,0
3246,1,True,0
3248,0,True,0
3250,1,False,0
3252,1,False,0
3254,2,True,0
3256,1,False,0
3258,0,True,0
3260,1,True,0
3262,0,True,0
3264,0,True,0
3266,1,False,0
3268,1,True,0
3270,2,True,0
3272,2,True,0
3274,1,False,0
3276,1,False,0
3278,0,True,0
3280,1,True,1
3282,0,True,0
3284,0,True,0
3286,1,False,0
3288,0,True,0
3290,2,True,1
3292,1,False,0
3294,0,True,0
3296,1,True,0
3298,2,True,0
3300,0,True,0
3302,1,False,0
3304,1,False,0
3306,0,True,0
3308,1,False,0
3310,3,True,1
3312,0,True,0
3314,1,False,0
3316,0,True,0
3318,1,False,0
3320,1,False,0
3322,2,True,1
3324,0,True,0
3326,0,True,0
3328,1,False,0
3330,1,False,0
3332,1,True,1
3334,0,True,0
3336,1,True,0
3338,0,True,0
3340,0,True,0
3342,1,False,0
3344,1,False,0
3346,1,False,0
3348,0,True,0
3350,1,False,0
3352,1,False,0
3354,1,True,0
3356,0,True,0
3358,0,True,0
3360,1,True,1
3362,1,True,0
3364,1,True,0
3366,1,False,0
3368,1,False,0
3370,1,False,0
3372,1,True,0
3374,1,False,0
3376,2,True,1
3378,0,True,0
3380,2,True,0
3382,1,False,0
3384,0,True,0
3386,1,False,0
3388,2,False,0
3390,0,True,0
3392,1,False,0
3394,0,True,0
3396,0,True,0
3398,1,False,0
3400,0,True,0
3402,1,False,0
3404,1,False,0
3406,0,True,0
3408,0,True,0
3410,1,True,0
3412,1,False,0
3414,1,True,1
3416,0,True,0
3418,0,True,0
3420,0,True,0
3422,0,True,0
3424,1,True,0
3426,2,False,0
3428,1,False,0
3430,0,True,0
3432,0,True,0
3434,1,False,0
3436,1,False,0
3438,0,True,0
3440,0,True,0
3442,2,True,2
3444,0,True,0
3446,0,True,0
3448,1,False,0
3450,0,True,0
3452,1,True,1
3454,1,True,0
3456,0,True,0
3458,1,False,0
3460,0,True,0
3462,2,True,2
3464,0,True,0
3466,1,False,0
3468,1,False,0
3470,1,False,0
3472,0,True,0
3474,0,True,0
3476,1,False,0
3478,1,False,0
3480,2,True,1
3482,1,True,0
3484,1,False,0
3486,0,True,0
3488,0,True,0
3490,0,True,0
3492,0,True,0
3494,0,True,0
3496,2,False,0
3498,1,True,0
3500,0,True,0
3502,1,False,0
3504,1,False,0
3506,1,False,0
3508,1,True,0
3510,0,True,0
3512,1,True,0
3514,0,True,0
3516,0,True,0
3518,0,True,0
3520,0,True,0
3522,1,True,0
3524,1,False,0
3526,1,False,0
3528,1,False,0
3530,1,False,0
3532,2,True,2
3534,1,False,0
3536,1,False,0
3538,1,False,0
3540,0,True,0
3542,1,False,0
3544,2,True,1
3546,2,True,1
3548,0,True,0
3550,0,True,0
3552,0,True,0
3554,0,True,0
3556,0,True,0
3558,1,False,0
3560,1,False,0
3562,1,False,0
3564,0,True,0
3566,0,True,0
3568,1,False,0
3570,1,True,1
3572,0,True,0
3574,0,True,0
3576,0,True,0
3578,3,True,0
3580,1,False,0
3582,1,False,0
3584,0,True,0
3586,1,False,0
3588,0,True,0
3590,1,True,0
3592,1,True,0
3594,1,False,0
3596,1,True,0
3598,1,False,0
3600,1,False,0
3602,1,True,1
3604,1,False,0
3606,0,True,0
3608,0,True,0
3610,1,True,0
3612,1,False,0
3614,1,True,1
3616,1,False,0
3618,1,False,0
3620,0,True,0
3622,0,True,0
3624,0,True,0
3626,1,True,1
3628,2,True,1
3630,0,True,0
3632,0,True,0
3634,1,True,0
3636,0,True,0
3638,0,True,0
3640,2,True,0
3642,0,True,0
3644,1,True,0
3646,1,False,0
3648,0,True,0
3650,0,True,0
3652,0,True,0
3654,0,True,0
3656,0,True,0
3658,1,True,0
3660,0,True,0
3662,0,True,0
3664,2,True,1
3666,0,True,0
3668,0,True,0
3670,1,True,0
3672,1,False,0
3674,1,True,0
3676,1,False,0
3678,3,True,1
3680,1,True,0
3682,2,False,0
3684,1,True,1
3686,0,True,0
3688,1,False,0
3690,1,False,0
3692,1,False,0
3694,1,True,0
3696,0,True,0
3698,0,True,0
3700,1,False,0
3702,0,True,0
3704,1,False,0
3706,0,True,0
3708,1,False,0
3710,0,True,0
3712,1,True,0
3714,2,True,2
3716,1,True,0
3718,0,True,0
3720,0,True,0
3722,0,True,0
3724,1,False,0
3726,1,False,0
3728,1,False,0
3730,2,True,1
3732,0,True,0
3734,1,False,0
3736,1,True,0
3738,1,False,0
3740,0,True,0
3742,1,False,0
3744,1,False,0
3746,0,True,0
3748,1,True,0
3750,1,True,0
3752,0,True,0
3754,2,True,0
3756,0,True,0
3758,0,True,0
3760,0,True,0
3762,1,False,0
3764,1,True,0
3766,1,False,0
3768,0,True,0
3770,0,True,0
3772,1,False,0
3774,0,True,0
3776,1,False,0
3778,0,True,0
3780,1,True,0
3782,1,True,1
3784,0,True,0
3786,2,False,0
3788,0,True,0
3790,1,False,0
3792,0,True,0
3794,0,True,0
3796,1,True,0
3798,1,False,0
3800,0,True,0
3802,0,True,0
3804,1,False,0
3806,0,True,0
3808,1,False,0
3810,1,False,0
3812,0,True,0
3814,0,True,0
3816,1,True,1
3818,1,False,0
3820,2,True,0
3822,0,True,0
3824,1,False,0
3826,0,True,0
3828,0,True,0
3830,2,True,0
3832,0,True,0
3834,1,True,0
3836,1,False,0
3838,0,True,0
3840,0,True,0
3842,0,True,0
3844,2,True,0
3846,1,False,0
3848,2,True,0
3850,0,True,0
3852,0,True,0
3854,0,True,0
3856,1,True,0
3858,1,True,1
3860,1,True,0
3862,0,True,0
3864,1,True,0
3866,0,True,0
3868,0,True,0
3870,0,True,0
3872,0,True,0
3874,0,True,0
3876,0,True,0
3878,1,False,0
3880,1,True,1
3882,1,True,1
3884,0,True,0
3886,0,True,0
3888,0,True,0
3890,0,True,0
3892,0,True,0
3894,0,True,0
3896,0,True,0
3898,1,False,0
3900,2,False,0
3902,0,True,0
3904,0,True,0
3906,2,False,0
3908,0,True,0
3910,2,True,1
3912,0,True,0
3914,1,False,0
3916,0,True,0
3918,0,True,0
3920,2,True,0
3922,0,True,0
3924,0,True,0
3926,1,True,0
3928,0,True,0
3930,1,True,0
3932,3,True,1
3934,1,True,1
3936,1,False,0
3938,0,True,0
3940,1,False,0
3942,0,True,0
3944,0,True,0
3946,0,True,0
3948,1,False,0
3950,0,True,0
3952,0,True,0
3954,0,True,0
3956,0,True,0
3958,1,False,0
3960,0,True,0
3962,1,False,0
3964,1,False,0
3966,0,True,0
3968,1,False,0
3970,0,True,0
3972,1,False,0
3974,0,True,0
3976,1,False,0
3978,1,False,0
3980,1,True,0
3982,0,True,0
3984,1,False,0
3986,1,False,0
3988,1,True,0
3990,0,True,0
3992,1,True,0
3994,1,False,0
3996,1,False,0
3998,1,False,0
4000,1,False,0
4002,3,True,1
4004,1,False,0
4006,0,True,0
4008,1,True,1
4010,1,False,0
4012,0,True,0
4014,1,False,0
4016,1,True,0
4018,0,True,0
4020,1,True,0
4022,1,False,0
4024,0,True,0
4026,1,False,0
4028,1,False,0
4030,2,True,0
4032,0,True,0
4034,1,True,0
4036,1,True,1
4038,0,True,0
4040,0,True,0
4042,0,True,0
4044,2,False,0
4046,0,True,0
4048,1,False,0
4050,1,False,0
4052,0,True,0
4054,0,True,0
4056,1,False,0
4058,1,True,0
4060,1,False,0
4062,1,False,0
4064,1,False,0
4066,0,True,0
4068,1,False,0
4070,0,True,0
4072,1,True,0
4074,0,True,0
4076,1,True,0
4078,0,True,0
4080,1,True,0
4082,1,False,0
4084,1,False,0
4086,1,False,0
4088,1,False,0
4090,2,True,1
4092,0,True,0
4094,0,True,0
4096,1,True,0
4098,0,True,0
4100,1,False,0
4102,1,False,0
4104,1,True,0
4106,2,True,1
4108,0,True,0
4110,0,True,0
4112,0,True,0
4114,1,False,0
4116,0,True,0
4118,0,True,0
4120,1,True,1
4122,0,True,0
4124,1,True,0
4126,1,False,0
4128,1,False,0
4130,1,True,0
4132,1,False,0
4134,0,True,0
4136,1,False,0
4138,1,False,0
4140,1,True,0
4142,0,True,0
4144,0,True,0
4146,0,True,0
4148,1,False,0
4150,1,False,0
4152,1,False,0
4154,1,False,0
4156,0,True,0
4158,0,True,0
4160,2,True,0
4162,0,True,0
4164,2,True,1
4166,0,True,0
4168,0,True,0
4170,2,True,1
4172,0,True,0
4174,0,True,0
4176,1,False,0
4178,1,False,0
4180,1,False,0
4182,0,True,0
4184,1,False,0
4186,0,True,0
4188,1,False,0
4190,1,False,0
4192,0,True,0
4194,1,True,0
4196,0,True,0
4198,2,False,0
4200,0,True,0
4202,1,False,0
4204,1,False,0
4206,1,True,0
4208,0,True,0
4210,0,True,0
4212,1,False,0
4214,0,True,0
4216,1,True,0
4218,1,False,0
4220,0,True,0
4222,0,True,0
4224,1,False,0
4226,0,True,0
4228,0,True,0
4230,1,False,0
4232,1,False,0
4234,2,True,1
4236,1,False,0
4238,0,True,0
4240,1,False,0
4242,0,True,0
4244,1,False,0
4246,2,True,1
4248,1,False,0
4250,0,True,0
4252,0,True,0
4254,1,True,1
4256,0,True,0
4258,1,False,0
4260,1,True,0
4262,1,False,0
4264,1,False,0
4266,1,False,0
4268,1,True,0
4270,0,True,0
4272,1,True,0
4274,1,False,0
4276,0,True,0
4278,0,True,0
4280,0,True,0
4282,1,False,0
4284,0,True,0
4286,0,True,0
4288,0,True,0
4290,1,True,0
4292,0,True,0
4294,2,True,1
4296,0,True,0
4298,0,True,0
4300,1,False,0
4302,0,True,0
4304,1,True,0
4306,1,False,0
4308,2,True,0
4310,1,False,0
4312,1,False,0
4314,1,False,0
4316,1,False,0
4318,1,True,0
4320,1,True,0
4322,0,True,0
4324,1,True,0
4326,1,True,1
4328,0,True,0
4330,0,True,0
4332,1,False,0
4334,0,True,0
4336,1,False,0
4338,0,True,0
4340,0,True,0
4342,1,False,0
4344,1,False,0
4346,1,False,0
4348,0,True,0
4350,1,False,0
4352,0,True,0
4354,0,True,0
4356,0,True,0
4358,0,True,0
4360,1,False,0
4362,1,True,0
4364,0,True,0
4366,0,True,0
4368,1,False,0
4370,0,True,0
4372,0,True,0
4374,1,False,0
4376,1,True,0
4378,0,True,0
4380,1,True,0
4382,2,True,0
4384,0,True,0
4386,1,True,0
4388,1,False,0
4390,1,False,0
4392,0,True,0
4394,0,True,0
4396,1,False,0
4398,1,False,0
4400,0,True,0
4402,0,True,0
4404,0,True,0
4406,1,False,0
4408,1,False,0
4410,0,True,0
4412,1,True,1
4414,1,True,1
4416,0,True,0
4418,1,True,0
4420,1,True,1
4422,0,True,0
4424,0,True,0
4426,1,False,0
4428,1,True,1
4430,0,True,0
4432,1,False,0
4434,2,True,1
4436,1,True,0
4438,1,False,0
4440,1,False,0
4442,1,True,0
4444,0,True,0
4446,1,False,0
4448,1,False,0
4450,2,True,1
4452,1,False,0
4454,0,True,0
4456,0,True,0
4458,0,True,0
4460,1,True,0
4462,0,True,0
4464,0,True,0
4466,1,False,0
4468,0,True,0
4470,0,True,0
4472,1,True,0
4474,1,False,0
4476,1,False,0
4478,0,True,0
4480,0,True,0
4482,0,True,0
4484,1,False,0
4486,0,True,0
4488,0,True,0
4490,0,True,0
4492,1,False,0
4494,1,True,0
4496,0,True,0
4498,2,False,0
4500,1,False,0
4502,0,True,0
4504,0,True,0
4506,2,True,0
4508,0,True,0
4510,1,True,0
4512,2,True,1
4514,0,True,0
4516,0,True,0
4518,0,True,0
4520,0,True,0
4522,1,False,0
4524,1,True,0
4526,1,False,0
4528,1,True,0
4530,1,True,0
4532,1,False,0
4534,3,True,1
4536,1,False,0
4538,0,True,0
4540,0,True,0
4542,1,False,0
4544,1,False,0
4546,1,False,0
4548,2,True,1
4550,1,False,0
4552,1,False,0
4554,0,True,0
4556,1,False,0
4558,1,False,0
4560,1,True,1
4562,0,True,0
4564,0,True,0
4566,0,True,0
4568,0,True,0
4570,0,True,0
4572,1,False,0
4574,1,False,0
4576,1,False,0
4578,1,False,0
4580,0,True,0
4582,0,True,0
4584,0,True,0
4586,0,True,0
4588,1,False,0
4590,1,True,0
4592,1,True,1
4594,0,True,0
4596,1,True,1
4598,0,True,0
4600,0,True,0
4602,0,True,0
4604,0,True,0
4606,1,False,0
4608,1,False,0
4610,1,False,0
4612,0,True,0
4614,1,False,0
4616,0,True,0
4618,0,True,0
4620,1,True,1
4622,1,False,0
4624,0,True,0
4626,1,False,0
4628,0,True,0
4630,0,True,0
4632,1,True,0
4634,1,True,0
4636,1,True,0
4638,2,True,2
4640,1,False,0
4642,1,False,0
4644,0,True,0
4646,1,False,0
4648,0,True,0
4650,1,False,0
4652,0,True,0
4654,1,False,0
4656,1,False,0
4658,1,True,0
4660,1,False,0
4662,0,True,0
4664,0,True,0
4666,0,True,0
4668,0,True,0
4670,0,True,0
4672,0,True,0
4674,0,True,0
4676,0,True,0
4678,1,False,0
4680,1,False,0
4682,1,False,0
4684,1,True,0
4686,1,False,0
4688,1,False,0
4690,1,False,0
4692,0,True,0
4694,0,True,0
4696,3,True,1
4698,0,True,0
4700,0,True,0
4702,0,True,0
4704,1,True,0
4706,0,True,0
4708,0,True,0
4710,0,True,0
4712,1,False,0
4714,1,False,0
4716,0,True,0
4718,0,True,0
4720,2,False,0
4722,1,True,1
4724,1,False,0
4726,1,False,0
4728,1,False,0
4730,0,True,0
4732,1,False,0
4734,0,True,0
4736,0,True,0
4738,1,False,0
4740,1,True,0
4742,1,True,0
4744,1,True,1
4746,1,False,0
4748,1,False,0
4750,1,True,1
4752,1,False,0
4754,1,True,0
4756,1,False,0
4758,1,True,0
4760,1,False,0
4762,1,False,0
4764,0,True,0
4766,1,True,0
4768,0,True,0
4770,0,True,0
4772,0,True,0
4774,1,False,0
4776,0,True,0
4778,0,True,0
4780,1,False,0
4782,0,True,0
4784,1,False,0
4786,1,True,0
4788,1,False,0
4790,0,True,0
4792,0,True,0
4794,1,True,0
4796,0,True,0
4798,2,True,1
4800,0,True,0
4802,1,False,0
4804,1,False,0
4806,1,False,0
4808,1,False,0
4810,0,True,0
4812,0,True,0
4814,1,True,0
4816,1,False,0
4818,1,True,0
4820,0,True,0
4822,2,True,0
4824,1,True,0
4826,0,True,0
4828,0,True,0
4830,1,False,0
4832,0,True,0
4834,2,True,1
4836,0,True,0
4838,1,False,0
4840,0,True,0
4842,2,False,0
4844,1,True,0
4846,0,True,0
4848,1,False,0
4850,0,True,0
4852,1,False,0
4854,1,False,0
4856,2,True,0
4858,0,True,0
4860,1,True,0
4862,1,True,1
4864,0,True,0
4866,0,True,0
4868,1,False,0
4870,1,True,0
4872,1,False,0
4874,1,False,0
4876,0,True,0
4878,0,True,0
4880,0,True,0
4882,1,False,0
4884,1,True,1
4886,0,True,0
4888,1,False,0
4890,0,True,0
4892,1,False,0
4894,1,False,0
4896,0,True,0
4898,0,True,0
4900,0,True,0
4902,1,True,1
4904,1,False,0
4906,0,True,0
4908,1,False,0
4910,1,False,0
4912,0,True,0
4914,0,True,0
4916,0,True,0
4918,2,False,0
4920,1,False,0
4922,0,True,0
4924,1,False,0
4926,1,True,0
4928,0,True,0
4930,0,True,0
4932,1,False,0
4934,1,False,0
4936,1,True,0
4938,1,False,0
4940,1,False,0
4942,0,True,0
4944,0,True,0
4946,1,False,0
4948,0,True,0
4950,0,True,0
4952,1,True,1
4954,0,True,0
4956,0,True,0
4958,1,False,0
4960,2,True,0
4962,0,True,0
4964,0,True,0
4966,0,True,0
4968,1,False,0
4970,1,True,0
4972,1,False,0
4974,3,True,1
4976,1,False,0
4978,0,True,0
4980,1,False,0
4982,0,True,0
4984,0,True,0
4986,0,True,0
4988,0,True,0
4990,1,False,0
4992,1,False,0
4994,0,True,0
4996,1,False,0
4998,0,True,0
5000,1,True,0
5002,1,True,0
5004,1,True,0
5006,1,True,0
5008,2,False,0
5010,1,False,0
5012,1,False,0
5014,1,False,0
5016,0,True,0
5018,1,False,0
5020,1,True,0
5022,0,True,0
5024,1,False,0
5026,0,True,0
5028,2,True,2
5030,0,True,0
5032,1,False,0
5034,1,False,0
5036,0,True,0
5038,0,True,0
5040,1,False,0
5042,1,True,1
5044,1,True,0
5046,1,False,0
5048,2,False,0
5050,1,True,0
5052,1,False,0
5054,1,False,0
5056,1,False,0
5058,1,False,0
5060,0,True,0
5062,0,True,0
5064,1,False,0
5066,1,False,0
5068,0,True,0
5070,2,True,1
5072,0,True,0
5074,0,True,0
5076,1,False,0
5078,0,True,0
5080,0,True,0
5082,0,True,0
5084,0,True,0
5086,0,True,0
5088,1,False,0
5090,1,False,0
5092,1,False,0
5094,1,True,0
5096,0,True,0
5098,1,False,0
5100,1,False,0
5102,1,False,0
5104,0,True,0
5106,0,True,0
5108,0,True,0
5110,1,False,0
5112,0,True,0
5114,0,True,0
5116,1,True,1
5118,0,True,0
5120,1,False,0
5122,1,True,1
5124,0,True,0
5126,1,False,0
5128,1,False,0
5130,2,True,1
5132,0,True,0
5134,1,False,0
5136,1,True,0
5138,0,True,0
5140,1,True,0
5142,1,False,0
5144,2,False,0
5146,1,True,0
5148,1,False,0
5150,0,True,0
5152,1,False,0
5154,0,True,0
5156,2,True,1
5158,2,False,0
5160,0,True,0
5162,2,True,1
5164,0,True,0
5166,0,True,0
5168,0,True,0
5170,1,False,0
5172,0,True,0
5174,2,True,0
5176,0,True,0
5178,1,False,0
5180,0,True,0
5182,0,True,0
5184,2,True,1
5186,0,True,0
5188,1,False,0
5190,1,False,0
5192,0,True,0
5194,0,True,0
5196,0,True,0
5198,0,True,0
5200,1,True,1
5202,1,True,1
5204,1,False,0
5206,1,False,0
5208,0,True,0
5210,1,False,0
5212,0,True,0
5214,0,True,0
5216,2,True,1
5218,1,False,0
5220,1,False,0
5222,0,True,0
5224,2,False,0
5226,1,True,1
5228,1,False,0
5230,0,True,0
5232,0,True,0
5234,1,False,0
5236,1,True,1
5238,0,True,0
5240,0,True,0
5242,2,False,0
5244,0,True,0
5246,0,True,0
5248,1,False,0
5250,0,True,0
5252,0,True,0
5254,0,True,0
5256,1,False,0
5258,1,False,0
5260,2,True,1
5262,1,True,1
5264,1,False,0
5266,1,False,0
5268,1,False,0
5270,1,True,0
5272,0,True,0
5274,2,True,0
5276,1,True,0
5278,1,False,0
5280,0,True,0
5282,0,True,0
5284,0,True,0
5286,0,True,0
5288,1,True,0
5290,1,False,0
5292,0,True,0
5294,1,True,0
5296,0,True,0
5298,1,False,0
5300,0,True,0
5302,0,True,0
5304,0,True,0
5306,0,True,0
5308,0,True,0
5310,0,True,0
5312,1,True,0
5314,1,False,0
5316,0,True,0
5318,2,True,1
5320,1,False,0
5322,0,True,0
5324,1,False,0
5326,0,True,0
5328,1,False,0
5330,1,False,0
5332,1,False,0
5334,1,True,0
5336,0,True,0
5338,0,True,0
5340,1,False,0
5342,1,False,0
5344,1,False,0
5346,1,False,0
5348,1,False,0
5350,0,True,0
5352,0,True,0
5354,0,True,0
5356,1,False,0
5358,0,True,0
5360,2,True,0
5362,0,True,0
5364,0,True,0
5366,2,True,1
5368,1,False,0
5370,0,True,0
5372,0,True,0
5374,0,True,0
5376,1,False,0
5378,1,False,0
5380,0,True,0
5382,2,True,1
5384,0,True,0
5386,1,False,0
5388,1,True,0
5390,0,True,0
5392,1,False,0
5394,0,True,0
5396,1,True,0
5398,0,True,0
5400,1,False,0
5402,1,False,0
5404,1,False,0
5406,2,True,1
5408,0,True,0
5410,1,False,0
5412,0,True,0
5414,1,False,0
5416,1,False,0
5418,0,True,0
5420,1,True,1
5422,0,True,0
5424,1,False,0
5426,0,True,0
5428,1,False,0
5430,1,True,0
5432,1,False,0
5434,2,True,0
5436,1,True,0
5438,0,True,0
5440,2,True,0
5442,1,False,0
5444,1,False,0
5446,2,True,0
5448,1,True,1
5450,0,True,0
5452,1,False,0
5454,0,True,0
5456,1,True,1
5458,0,True,0
5460,1,False,0
5462,0,True,0
5464,1,True,1
5466,1,False,0
5468,1,False,0
5470,0,True,0
5472,0,True,0
5474,0,True,0
5476,1,False,0
5478,1,False,0
5480,0,True,0
5482,0,True,0
5484,0,True,0
5486,0,True,0
5488,0,True,0
5490,0,True,0
5492,0,True,0
5494,1,False,0
5496,2,True,0
5498,1,True,1
5500,0,True,0
5502,0,True,0
5504,0,True,0
5506,0,True,0
5508,1,False,0
5510,1,True,0
5512,0,True,0
5514,1,True,0
5516,2,False,0
5518,0,True,0
5520,0,True,0
5522,1,True,0
5524,0,True,0
5526,1,False,0
5528,1,False,0
5530,1,False,0
5532,1,False,0
5534,0,True,0
5536,0,True,0
5538,0,True,0
5540,0,True,0
5542,2,False,0
5544,2,False,0
5546,0,True,0
5548,0,True,0
5550,0,True,0
5552,0,True,0
5554,2,False,0
5556,0,True,0
5558,2,True,1
5560,0,True,0
5562,1,False,0
5564,0,True,0
5566,0,True,0
5568,0,True,0
5570,1,True,0
5572,0,True,0
5574,0,True,0
5576,1,False,0
5578,0,True,0
5580,2,True,0
5582,0,True,0
5584,1,False,0
5586,0,True,0
5588,0,True,0
5590,0,True,0
5592,1,False,0
5594,0,True,0
5596,1,False,0
5598,0,True,0
5600,0,True,0
5602,1,False,0
5604,0,True,0
5606,0,True,0
5608,1,False,0
5610,0,True,0
5612,1,False,0
5614,1,False,0
5616,1,False,0
5618,1,False,0
5620,2,False,0
5622,1,False,0
5624,0,True,0
5626,1,False,0
5628,1,False,0
5630,0,True,0
5632,0,True,0
5634,0,True,0
5636,0,True,0
5638,0,True,0
5640,1,True,0
5642,1,True,0
5644,2,True,0
5646,1,False,0
5648,1,False,0
5650,2,True,0
5652,0,True,0
5654,1,False,0
5656,0,True,0
5658,0,True,0
5660,0,True,0
5662,1,False,0
5664,0,True,0
5666,0,True,0
5668,0,True,0
5670,1,False,0
5672,0,True,0
5674,1,True,1
5676,1,True,1
5678,1,False,0
5680,1,False,0
5682,1,True,1
5684,0,True,0
5686,0,True,0
5688,0,True,0
5690,1,True,0
5692,1,False,0
5694,0,True,0
5696,1,False,0
5698,0,True,0
5700,1,False,0
5702,1,False,0
5704,2,True,1
5706,1,False,0
5708,1,False,0
5710,0,True,0
5712,1,False,0
5714,1,False,0
5716,0,True,0
5718,1,False,0
5720,1,False,0
5722,2,False,0
5724,1,False,0
5726,1,False,0
5728,0,True,0
5730,0,True,0
5732,1,True,0
5734,0,True,0
5736,0,True,0
5738,1,False,0
5740,1,False,0
5742,1,False,0
5744,0,True,0
5746,1,False,0
5748,1,False,0
5750,1,False,0
5752,1,False,0
5754,1,False,0
5756,1,False,0
5758,2,False,0
5760,0,True,0
5762,1,True,1
5764,1,False,0
5766,0,True,0
5768,0,True,0
5770,0,True,0
5772,0,True,0
5774,0,True,0
5776,1,False,0
5778,1,False,0
5780,1,True,0
5782,1,False,0
5784,1,True,0
5786,1,False,0
5788,1,False,0
5790,0,True,0
5792,1,True,1
5794,1,True,1
5796,1,False,0
5798,0,True,0
5800,0,True,0
5802,0,True,0
5804,1,True,0
5806,2,True,0
5808,1,True,1
5810,1,True,0
5812,1,False,0
5814,1,True,1
5816,1,False,0
5818,0,True,0
5820,1,False,0
5822,2,True,0
5824,0,True,0
5826,1,True,0
5828,1,True,0
5830,1,False,0
5832,0,True,0
5834,0,True,0
5836,0,True,0
5838,0,True,0
5840,0,True,0
5842,1,False,0
5844,0,True,0
5846,1,False,0
5848,0,True,0
5850,1,False,0
5852,1,False,0
5854,2,True,1
5856,1,True,1
5858,0,True,0
5860,1,True,1
5862,0,True,0
5864,1,False,0
5866,1,True,0
5868,1,True,1
5870,0,True,0
5872,0,True,0
5874,1,True,0
5876,1,False,0
5878,0,True,0
5880,0,True,0
5882,1,True,1
5884,0,True,0
5886,0,True,0
5888,2,True,0
5890,1,False,0
5892,0,True,0
5894,1,False,0
5896,1,False,0
5898,0,True,0
5900,0,True,0
5902,1,True,0
5904,1,False,0
5906,1,False,0
5908,0,True,0
5910,1,True,0
5912,0,True,0
5914,1,False,0
5916,1,True,0
5918,1,False,0
5920,1,False,0
5922,2,True,1
5924,2,True,0
5926,0,True,0
5928,1,False,0
5930,0,True,0
5932,1,True,0
5934,0,True,0
5936,1,False,0
5938,1,True,1
5940,0,True,0
5942,0,True,0
5944,0,True,0
5946,1,False,0
5948,0,True,0
5950,0,True,0
5952,0,True,0
5954,0,True,0
5956,1,False,0
5958,0,True,0
5960,1,True,1
5962,1,True,0
5964,0,True,0
5966,1,False,0
5968,2,False,0
5970,0,True,0
5972,1,True,0
5974,1,False,0
5976,1,False,0
5978,0,True,0
5980,0,True,0
5982,1,True,0
5984,0,True,0
5986,2,True,0
5988,0,True,0
5990,1,True,0
5992,0,True,0
5994,0,True,0
5996,1,True,0
5998,0,True,0
6000,0,True,0
6002,0,True,0
6004,1,True,0
6006,0,True,0
6008,1,False,0
6010,1,True,1
6012,1,False,0
6014,1,True,0
6016,1,False,0
6018,1,False,0
6020,1,False,0
6022,1,False,0
6024,1,False,0
6026,0,True,0
6028,0,True,0
6030,1,True,0
6032,1,False,0
6034,1,False,0
6036,1,False,0
6038,1,False,0
6040,1,False,0
6042,1,True,0
6044,0,True,0
6046,0,True,0
6048,2,False,0
6050,1,False,0
6052,1,False,0
6054,0,True,0
6056,0,True,0
6058,1,False,0
6060,2,True,1
6062,0,True,0
6064,1,False,0
6066,1,False,0
6068,1,True,0
6070,0,True,0
6072,0,True,0
6074,1,False,0
6076,1,False,0
6078,1,False,0
6080,1,False,0
6082,1,False,0
6084,2,True,0
6086,0,True,0
6088,0,True,0
6090,0,True,0
6092,2,True,1
6094,1,True,1
6096,1,False,0
6098,0,True,0
6100,1,False,0
6102,1,True,1
6104,1,False,0
6106,0,True,0
6108,0,True,0
6110,0,True,0
6112,1,False,0
6114,0,True,0
6116,0,True,0
6118,2,False,0
6120,0,True,0
6122,1,False,0
6124,0,True,0
6126,1,False,0
6128,1,False,0
6130,1,False,0
6132,1,True,1
6134,1,False,0
6136,0,True,0
6138,0,True,0
6140,0,True,0
6142,0,True,0
6144,0,True,0
6146,0,True,0
6148,0,True,0
6150,0,True,0
6152,0,True,0
6154,1,False,0
6156,1,False,0
6158,2,True,1
6160,0,True,0
6162,2,True,1
6164,0,True,0
6166,1,True,1
6168,1,False,0
6170,0,True,0
6172,1,True,0
6174,0,True,0
6176,0,True,0
6178,0,True,0
6180,1,True,0
6182,0,True,0
6184,1,False,0
6186,1,False,0
6188,1,False,0
6190,1,False,0
6192,0,True,0
6194,1,False,0
6196,0,True,0
6198,0,True,0
6200,1,True,0
6202,1,False,0
6204,0,True,0
6206,1,False,0
6208,1,False,0
6210,0,True,0
6212,2,False,0
6214,0,True,0
6216,1,False,0
6218,0,True,0
6220,0,True,0
6222,0,True,0
6224,0,True,0
6226,0,True,0
6228,0,True,0
6230,0,True,0
6232,1,True,0
6234,1,True,0
6236,0,True,0
6238,0,True,0
6240,1,False,0
6242,1,True,1
6244,0,True,0
6246,0,True,0
6248,1,True,0
6250,0,True,0
6252,0,True,0
6254,1,False,0
6256,1,False,0
6258,1,False,0
6260,1,True,0
6262,0,True,0
6264,0,True,0
6266,1,False,0
6268,0,True,0
6270,1,False,0
6272,1,False,0
6274,1,False,0
6276,1,False,0
6278,0,True,0
6280,1,False,0
6282,1,False,0
6284,1,True,0
6286,0,True,0
6288,1,False,0
6290,1,True,1
6292,1,False,0
6294,1,False,0
6296,2,True,0
6298,2,False,0
6300,1,False,0
6302,2,True,1
6304,0,True,0
6306,1,True,0
6308,1,False,0
6310,1,False,0
6312,0,True,0
6314,1,False,0
6316,1,False,0
6318,0,True,0
6320,1,False,0
6322,0,True,0
6324,1,True,1
6326,0,True,0
6328,1,False,0
6330,1,False,0
6332,0,True,0
6334,1,True,0
6336,1,False,0
6338,1,False,0
6340,0,True,0
6342,1,False,0
6344,1,False,0
6346,0,True,0
6348,1,True,1
6350,0,True,0
6352,1,False,0
6354,1,False,0
6356,1,False,0
6358,1,False,0
6360,0,True,0
6362,0,True,0
6364,1,True,0
6366,1,False,0
6368,2,True,0
6370,1,False,0
6372,1,False,0
6374,1,False,0
6376,1,False,0
6378,1,True,0
6380,1,False,0
6382,1,False,0
6384,0,True,0
6386,1,True,1
6388,0,True,0
6390,0,True,0
6392,0,True,0
6394,1,False,0
6396,0,True,0
6398,1,False,0
6400,1,False,0
6402,0,True,0
6404,1,False,0
6406,0,True,0
6408,1,False,0
6410,0,True,0
6412,0,True,0
6414,2,True,1
6416,0,True,0
6418,0,True,0
6420,0,True,0
6422,0,True,0
6424,1,False,0
6426,1,False,0
6428,1,False,0
6430,0,True,0
6432,0,True,0
6434,0,True,0
6436,0,True,0
6438,0,True,0
6440,1,False,0
6442,1,False,0
6444,3,True,1
6446,0,True,0
6448,1,False,0
6450,1,False,0
6452,0,True,0
6454,1,False,0
6456,0,True,0
6458,0,True,0
6460,0,True,0
6462,0,True,0
6464,0,True,0
6466,1,False,0
6468,1,False,0
6470,0,True,0
6472,1,False,0
6474,1,False,0
6476,0,True,0
6478,0,True,0
6480,1,False,0
6482,1,False,0
6484,1,True,1
6486,0,True,0
6488,0,True,0
6490,1,False,0
6492,1,False,0
6494,0,True,0
6496,0,True,0
6498,1,False,0
6500,1,True,0
6502,0,True,0
6504,0,True,0
6506,1,False,0
6508,1,True,0
6510,1,False,0
6512,1,True,1
6514,0,True,0
6516,1,False,0
6518,1,False,0
6520,1,False,0
6522,0,True,0
6524,1,False,0
6526,0,True,0
6528,0,True,0
6530,2,True,0
6532,0,True,0
6534,0,True,0
6536,0,True,0
6538,2,False,0
6540,0,True,0
6542,0,True,0
6544,0,True,0
6546,1,False,0
6548,1,False,0
6550,1,False,0
6552,0,True,0
6554,1,False,0
6556,1,False,0
6558,0,True,0
6560,0,True,0
6562,0,True,0
6564,1,False,0
6566,0,True,0
6568,1,False,0
6570,1,True,0
6572,1,False,0
6574,0,True,0
6576,0,True,0
6578,0,True,0
6580,0,True,0
6582,0,True,0
6584,0,True,0
6586,1,False,0
6588,0,True,0
6590,0,True,0
6592,0,True,0
6594,1,False,0
6596,1,False,0
6598,1,False,0
6600,1,False,0
6602,0,True,0
6604,0,True,0
6606,1,False,0
6608,1,False,0
6610,1,True,1
6612,1,True,1
6614,1,False,0
6616,1,False,0
6618,0,True,0
6620,0,True,0
6622,0,True,0
6624,0,True,0
6626,1,True,1
6628,0,True,0
6630,0,True,0
6632,0,True,0
6634,0,True,0
6636,1,True,0
6638,1,False,0
6640,0,True,0
6642,0,True,0
6644,0,True,0
6646,1,True,1
6648,1,True,0
6650,1,False,0
6652,1,False,0
6654,1,False,0
6656,1,False,0
6658,1,False,0
6660,0,True,0
6662,0,True,0
6664,0,True,0
6666,1,True,0
6668,0,True,0
6670,1,True,1
6672,0,True,0
6674,1,False,0
6676,1,False,0
6678,1,False,0
6680,1,True,1
6682,1,True,0
6684,0,True,0
6686,0,True,0
6688,0,True,0
6690,0,True,0
6692,0,True,0
6694,2,True,0
6696,1,False,0
6698,1,False,0
6700,1,False,0
6702,2,True,1
6704,0,True,0
6706,1,False,0
6708,0,True,0
6710,0,True,0
6712,0,True,0
6714,1,False,0
6716,1,False,0
6718,1,False,0
6720,0,True,0
6722,0,True,0
6724,0,True,0
6726,1,False,0
6728,1,True,0
6730,2,True,1
6732,1,False,0
6734,1,False,0
6736,0,True,0
6738,1,True,0
6740,1,True,0
6742,1,True,0
6744,1,False,0
6746,0,True,0
6748,2,True,1
6750,0,True,0
6752,0,True,0
6754,0,True,0
6756,1,True,0
6758,0,True,0
6760,1,False,0
6762,0,True,0
6764,0,True,0
6766,1,False,0
6768,0,True,0
6770,1,True,1
6772,1,False,0
6774,1,False,0
6776,1,False,0
6778,0,True,0
6780,0,True,0
6782,1,False,0
6784,0,True,0
6786,0,True,0
6788,1,True,0
6790,2,True,0
6792,1,True,1
6794,1,True,0
6796,1,False,0
6798,0,True,0
6800,1,False,0
6802,1,False,0
6804,0,True,0
6806,1,False,0
6808,1,True,1
6810,1,True,1
6812,1,True,0
6814,1,False,0
6816,0,True,0
6818,1,False,0
6820,1,True,1
6822,0,True,0
6824,0,True,0
6826,0,True,0
6828,1,False,0
6830,0,True,0
6832,1,False,0
6834,0,True,0
6836,0,True,0
6838,1,False,0
6840,1,True,0
6842,1,False,0
6844,1,False,0
6846,0,True,0
6848,0,True,0
6850,0,True,0
6852,0,True,0
6854,0,True,0
6856,1,True,0
6858,0,True,0
6860,1,True,0
6862,0,True,0
6864,1,True,0
6866,1,False,0
6868,0,True,0
6870,2,False,0
6872,2,True,0
6874,1,False,0
6876,1,False,0
6878,1,False,0
6880,0,True,0
6882,1,False,0
6884,0,True,0
6886,0,True,0
6888,1,False,0
6890,1,False,0
6892,1,False,0
6894,1,True,0
6896,1,False,0
6898,0,True,0
6900,0,True,0
6902,0,True,0
6904,0,True,0
6906,1,False,0
6908,0,True,0
6910,1,False,0
6912,1,False,0
6914,0,True,0
6916,2,True,1
6918,0,True,0
6920,1,False,0
6922,0,True,0
6924,0,True,0
6926,1,True,0
6928,2,True,0
6930,0,True,0
6932,0,True,0
6934,0,True,0
6936,0,True,0
6938,0,True,0
6940,1,False,0
6942,1,False,0
6944,0,True,0
6946,2,False,0
6948,1,True,1
6950,1,True,0
6952,0,True,0
6954,0,True,0
6956,1,False,0
6958,1,True,0
6960,1,True,1
6962,0,True,0
6964,1,False,0
6966,2,True,1
6968,0,True,0
6970,1,True,0
6972,1,False,0
6974,1,False,0
6976,3,True,1
6978,1,False,0
6980,1,True,0
6982,1,False,0
6984,1,False,0
6986,0,True,0
6988,0,True,0
6990,2,True,1
6992,1,False,0
6994,1,False,0
6996,1,False,0
6998,0,True,0
7000,1,False,0
7002,1,False,0
7004,1,True,1
7006,1,False,0
7008,1,True,1
7010,1,False,0
7012,0,True,0
7014,0,True,0
7016,0,True,0
7018,0,True,0
7020,0,True,0
7022,0,True,0
7024,1,True,0
7026,1,True,0
7028,0,True,0
7030,0,True,0
7032,1,True,1
7034,1,False,0
7036,1,False,0
7038,1,False,0
7040,0,True,0
7042,1,False,0
7044,1,True,0
7046,0,True,0
7048,0,True,0
7050,1,True,0
7052,1,False,0
7054,1,True,0
7056,1,False,0
7058,0,True,0
7060,0,True,0
7062,2,True,0
7064,1,False,0
7066,1,False,0
7068,1,False,0
7070,2,True,0
7072,0,True,0
7074,0,True,0
7076,1,False,0
7078,1,True,0
7080,0,True,0
7082,2,False,0
7084,1,False,0
7086,2,False,0
7088,0,True,0
7090,1,False,0
7092,1,True,0
7094,1,True,0
7096,1,False,0
7098,1,False,0
7100,1,True,0
7102,1,False,0
7104,2,False,0
7106,0,True,0
7108,1,False,0
7110,1,False,0
7112,0,True,0
7114,1,False,0
7116,0,True,0
7118,0,True,0
7120,2,True,0
7122,1,False,0
7124,1,False,0
7126,0,True,0
7128,0,True,0
7130,1,False,0
7132,0,True,0
7134,0,True,0
7136,1,False,0
7138,1,True,0
7140,0,True,0
7142,0,True,0
7144,1,False,0
7146,1,False,0
7148,1,False,0
7150,1,False,0
7152,1,False,0
7154,1,False,0
7156,1,False,0
7158,0,True,0
7160,0,True,0
7162,0,True,0
7164,0,True,0
7166,1,True,0
7168,1,False,0
7170,1,True,0
7172,1,False,0
7174,0,True,0
7176,0,True,0
7178,0,True,0
7180,1,True,0
7182,0,True,0
7184,0,True,0
7186,0,True,0
7188,1,False,0
7190,1,True,0
7192,1,False,0
7194,0,True,0
7196,1,False,0
7198,1,False,0
7200,1,True,0
7202,0,True,0
7204,1,True,0
7206,0,True,0
7208,2,True,0
7210,1,False,0
7212,0,True,0
7214,0,True,0
7216,0,True,0
7218,0,True,0
7220,0,True,0
7222,1,False,0
7224,1,False,0
7226,1,False,0
7228,1,False,0
7230,0,True,0
7232,1,False,0
7234,0,True,0
7236,1,True,0
7238,0,True,0
7240,1,False,0
7242,1,False,0
7244,1,False,0
7246,0,True,0
7248,0,True,0
7250,1,True,0
7252,0,True,0
7254,0,True,0
7256,1,False,0
7258,0,True,0
7260,1,True,1
7262,1,False,0
7264,1,True,1
7266,0,True,0
7268,0,True,0
7270,1,False,0
7272,0,True,0
7274,1,False,0
7276,0,True,0
7278,0,True,0
7280,1,False,0
7282,0,True,0
7284,1,False,0
7286,1,False,0
7288,1,False,0
7290,1,False,0
7292,0,True,0
7294,0,True,0
7296,0,True,0
7298,0,True,0
7300,1,False,0
7302,0,True,0
7304,0,True,0
7306,1,False,0
7308,1,False,0
7310,1,True,0
7312,0,True,0
7314,1,True,1
7316,1,False,0
7318,1,False,0
7320,1,False,0
7322,0,True,0
7324,0,True,0
7326,1,False,0
7328,0,True,0
7330,1,False,0
7332,1,False,0
7334,1,False,0
7336,1,False,0
7338,1,False,0
7340,0,True,0
7342,1,False,0
7344,1,False,0
7346,0,True,0
7348,1,False,0
7350,1,False,0
7352,0,True,0
7354,2,False,0
7356,0,True,0
7358,2,True,1
7360,0,True,0
7362,1,False,0
7364,0,True,0
7366,1,False,0
7368,1,False,0
7370,0,True,0
7372,1,True,1
7374,0,True,0
7376,0,True,0
7378,0,True,0
7380,1,False,0
7382,1,False,0
7384,1,True,0
7386,1,False,0
7388,0,True,0
7390,1,False,0
7392,1,False,0
7394,0,True,0
7396,1,False,0
7398,0,True,0
7400,1,False,0
7402,0,True,0
7404,1,False,0
7406,1,False,0
7408,1,False,0
7410,0,True,0
7412,1,False,0
7414,1,False,0
7416,0,True,0
7418,0,True,0
7420,0,True,0
7422,1,True,0
7424,0,True,0
7426,1,True,1
7428,1,False,0
7430,0,True,0
7432,0,True,0
7434,2,True,1
7436,0,True,0
7438,0,True,0
7440,0,True,0
7442,1,False,0
7444,1,True,1
7446,1,False,0
7448,1,False,0
7450,0,True,0
7452,0,True,0
7454,0,True,0
7456,1,False,0
7458,0,True,0
7460,1,False,0
7462,1,False,0
7464,1,False,0
7466,1,False,0
7468,0,True,0
7470,1,False,0
7472,1,True,0
7474,2,True,0
7476,1,False,0
7478,1,False,0
7480,0,True,0
7482,0,True,0
7484,2,True,0
7486,2,True,1
7488,1,False,0
7490,1,False,0
7492,0,True,0
7494,1,True,0
7496,1,False,0
7498,1,False,0
7500,1,False,0
7502,1,True,1
7504,0,True,0
7506,1,False,0
7508,0,True,0
7510,1,False,0
7512,0,True,0
7514,0,True,0
7516,1,True,0
7518,1,False,0
7520,1,True,0
7522,0,True,0
7524,0,True,0
7526,0,True,0
7528,0,True,0
7530,1,False,0
7532,0,True,0
7534,1,False,0
7536,0,True,0
7538,1,False,0
7540,0,True,0
7542,0,True,0
7544,1,True,0
7546,1,False,0
7548,1,True,0
7550,1,True,0
7552,1,False,0
7554,0,True,0
7556,1,False,0
7558,1,True,0
7560,0,True,0
7562,0,True,0
7564,0,True,0
7566,1,False,0
7568,1,False,0
7570,1,False,0
7572,0,True,0
7574,0,True,0
7576,0,True,0
7578,0,True,0
7580,0,True,0
7582,1,False,0
7584,0,True,0
7586,0,True,0
7588,1,True,0
7590,0,True,0
7592,1,True,0
7594,1,False,0
7596,1,True,0
7598,1,False,0
7600,0,True,0
7602,1,False,0
7604,0,True,0
7606,1,False,0
7608,0,True,0
7610,1,True,0
7612,0,True,0
7614,0,True,0
7616,0,True,0
7618,1,False,0
7620,0,True,0
7622,1,False,0
7624,2,False,0
7626,1,False,0
7628,0,True,0
7630,0,True,0
7632,0,True,0
7634,1,False,0
7636,1,False,0
7638,0,True,0
7640,1,False,0
7642,1,False,0
7644,1,False,0
7646,0,True,0
7648,1,False,0
7650,0,True,0
7652,1,False,0
7654,0,True,0
7656,0,True,0
7658,1,False,0
7660,1,True,1
7662,1,True,0
7664,1,True,1
7666,0,True,0
7668,1,False,0
7670,1,True,0
7672,1,False,0
7674,0,True,0
7676,1,False,0
7678,0,True,0
7680,0,True,0
7682,1,False,0
7684,1,False,0
7686,1,False,0
7688,0,True,0
7690,0,True,0
7692,1,False,0
7694,0,True,0
7696,1,False,0
7698,1,False,0
7700,1,False,0
7702,0,True,0
7704,0,True,0
7706,2,True,1
7708,1,False,0
7710,1,False,0
7712,1,False,0
7714,1,True,0
7716,0,True,0
7718,1,False,0
7720,1,False,0
7722,0,True,0
7724,2,True,0
7726,1,False,0
7728,0,True,0
7730,1,False,0
7732,1,False,0
7734,0,True,0
7736,2,True,0
7738,0,True,0
7740,0,True,0
7742,0,True,0
7744,0,True,0
7746,0,True,0
7748,1,False,0
7750,1,True,0
7752,0,True,0
7754,0,True,0
7756,1,False,0
7758,2,True,1
7760,1,False,0
7762,1,True,0
7764,0,True,0
7766,0,True,0
7768,1,False,0
7770,0,True,0
7772,1,True,0
7774,1,True,1
7776,1,False,0
7778,0,True,0
7780,1,False,0
7782,0,True,0
7784,0,True,0
7786,0,True,0
7788,1,False,0
7790,0,True,0
7792,0,True,0
7794,0,True,0
7796,1,False,0
7798,1,False,0
7800,0,True,0
7802,1,False,0
7804,0,True,0
7806,0,True,0
7808,1,False,0
7810,0,True,0
7812,1,False,0
7814,1,False,0
7816,1,False,0
7818,1,False,0
7820,1,True,0
7822,1,False,0
7824,0,True,0
7826,1,True,1
7828,1,False,0
7830,1,True,0
7832,1,False,0
7834,1,False,0
7836,3,True,1
7838,1,False,0
7840,1,False,0
7842,1,False,0
7844,1,False,0
7846,0,True,0
7848,0,True,0
7850,2,False,0
7852,0,True,0
7854,0,True,0
7856,1,True,0
7858,0,True,0
7860,0,True,0
7862,1,True,0
7864,0,True,0
7866,1,True,1
7868,2,True,1
7870,1,False,0
7872,0,True,0
7874,1,False,0
7876,0,True,0
7878,1,False,0
7880,0,True,0
7882,0,True,0
7884,1,False,0
7886,0,True,0
7888,1,False,0
7890,0,True,0
7892,1,False,0
7894,0,True,0
7896,0,True,0
7898,0,True,0
7900,0,True,0
7902,0,True,0
7904,1,False,0
7906,0,True,0
7908,1,False,0
7910,2,False,0
7912,0,True,0
7914,0,True,0
7916,1,True,0
7918,1,True,0
7920,1,False,0
7922,0,True,0
7924,1,False,0
7926,0,True,0
7928,0,True,0
7930,0,True,0
7932,1,False,0
7934,2,True,0
7936,1,False,0
7938,1,False,0
7940,0,True,0
7942,1,False,0
7944,1,False,0
7946,1,False,0
7948,0,True,0
7950,0,True,0
7952,0,True,0
7954,1,False,0
7956,1,False,0
7958,0,True,0
7960,2,True,0
7962,1,False,0
7964,1,False,0
7966,1,False,0
7968,1,False,0
7970,1,True,0
7972,0,True,0
7974,0,True,0
7976,0,True,0
7978,1,False,0
7980,1,False,0
7982,2,True,1
7984,2,True,0
7986,0,True,0
7988,0,True,0
7990,0,True,0
7992,1,False,0
7994,1,False,0
7996,2,True,1
7998,0,True,0
8000,0,True,0
8002,1,False,0
8004,1,True,0
8006,0,True,0
8008,1,False,0
8010,1,False,0
8012,0,True,0
8014,1,False,0
8016,0,True,0
8018,1,False,0
8020,1,False,0
8022,0,True,0
8024,0,True,0
8026,0,True,0
8028,1,False,0
8030,1,True,0
8032,0,True,0
8034,1,True,0
8036,1,False,0
8038,0,True,0
8040,0,True,0
8042,1,False,0
8044,1,True,0
8046,0,True,0
8048,0,True,0
8050,0,True,0
8052,1,True,0
8054,1,False,0
8056,1,False,0
8058,1,False,0
8060,1,False,0
8062,1,False,0
8064,0,True,0
8066,1,True,0
8068,0,True,0
8070,0,True,0
8072,0,True,0
8074,2,False,0
8076,1,False,0
8078,1,False,0
8080,1,True,0
8082,1,True,1
8084,2,True,0
8086,0,True,0
8088,1,False,0
8090,1,False,0
8092,1,False,0
8094,1,False,0
8096,0,True,0
8098,0,True,0
8100,0,True,0
8102,0,True,0
8104,0,True,0
8106,2,False,0
8108,1,False,0
8110,1,False,0
8112,0,True,0
8114,2,True,0
8116,1,False,0
8118,1,False,0
8120,0,True,0
8122,0,True,0
8124,0,True,0
8126,1,False,0
8128,0,True,0
8130,0,True,0
8132,1,True,0
8134,1,True,1
8136,0,True,0
8138,1,False,0
8140,0,True,0
8142,1,False,0
8144,1,False,0
8146,1,False,0
8148,1,True,0
8150,1,False,0
8152,0,True,0
8154,1,False,0
8156,1,False,0
8158,1,False,0
8160,1,True,0
8162,1,False,0
8164,1,False,0
8166,1,False,0
8168,1,False,0
8170,1,True,0
8172,0,True,0
8174,1,False,0
8176,0,True,0
8178,0,True,0
8180,1,False,0
8182,0,True,0
8184,1,False,0
8186,0,True,0
8188,0,True,0
8190,0,True,0
8192,0,True,0
8194,3,True,1
8196,1,False,0
8198,2,True,0
8200,1,True,0
8202,1,False,0
8204,1,False,0
8206,0,True,0
8208,1,False,0
8210,0,True,0
8212,0,True,0
8214,0,True,0
8216,1,False,0
8218,0,True,0
8220,0,True,0
8222,0,True,0
8224,1,True,0
8226,1,False,0
8228,1,False,0
8230,0,True,0
8232,0,True,0
8234,1,True,0
8236,2,False,0
8238,0,True,0
8240,0,True,0
8242,0,True,0
8244,1,False,0
8246,1,True,0
8248,1,True,1
8250,0,True,0
8252,1,False,0
8254,0,True,0
8256,0,True,0
8258,0,True,0
8260,1,False,0
8262,1,False,0
8264,0,True,0
8266,0,True,0
8268,2,True,0
8270,0,True,0
8272,1,True,0
8274,1,False,0
8276,1,False,0
8278,2,True,1
8280,1,False,0
8282,0,True,0
8284,0,True,0
8286,0,True,0
8288,0,True,0
8290,1,True,0
8292,0,True,0
8294,0,True,0
8296,0,True,0
8298,0,True,0
8300,1,True,0
8302,1,False,0
8304,1,False,0
8306,1,False,0
8308,1,False,0
8310,1,False,0
8312,1,False,0
8314,1,False,0
8316,0,True,0
8318,1,True,1
8320,1,False,0
8322,1,True,1
8324,2,True,0
8326,1,False,0
8328,1,False,0
8330,1,False,0
8332,1,False,0
8334,0,True,0
8336,1,True,0
8338,1,False,0
8340,1,False,0
8342,0,True,0
8344,0,True,0
8346,0,True,0
8348,0,True,0
8350,0,True,0
8352,1,True,0
8354,1,False,0
8356,1,True,0
8358,1,False,0
8360,0,True,0
8362,0,True,0
8364,0,True,0
8366,1,False,0
8368,1,False,0
8370,0,True,0
8372,1,False,0
8374,0,True,0
8376,3,True,1
8378,0,True,0
8380,1,False,0
8382,1,False,0
8384,0,True,0
8386,1,False,0
8388,0,True,0
8390,0,True,0
8392,1,False,0
8394,1,False,0
8396,1,False,0
8398,0,True,0
8400,1,False,0
8402,0,True,0
8404,1,False,0
8406,1,False,0
8408,2,True,0
8410,0,True,0
8412,0,True,0
8414,0,True,0
8416,0,True,0
8418,0,True,0
8420,0,True,0
8422,0,True,0
8424,0,True,0
8426,0,True,0
8428,1,False,0
8430,0,True,0
8432,1,True,1
8434,1,False,0
8436,1,False,0
8438,1,False,0
8440,2,False,0
8442,1,False,0
8444,0,True,0
8446,0,True,0
8448,0,True,0
8450,0,True,0
8452,0,True,0
8454,2,True,0
8456,0,True,0
8458,0,True,0
8460,2,False,0
8462,0,True,0
8464,1,False,0
8466,0,True,0
8468,1,False,0
8470,1,False,0
8472,0,True,0
8474,0,True,0
8476,0,True,0
8478,1,False,0
8480,0,True,0
8482,2,False,0
8484,1,False,0
8486,0,True,0
8488,1,False,0
8490,2,True,1
8492,0,True,0
8494,0,True,0
8496,1,False,0
8498,0,True,0
8500,1,True,0
8502,1,True,1
8504,0,True,0
8506,2,True,0
8508,0,True,0
8510,0,True,0
8512,1,False,0
8514,0,True,0
8516,1,False,0
8518,1,False,0
8520,0,True,0
8522,1,False,0
8524,1,True,0
8526,0,True,0
8528,0,True,0
8530,1,False,0
8532,1,True,1
8534,2,False,0
8536,0,True,0
8538,3,True,1
8540,0,True,0
8542,1,True,0
8544,1,False,0
8546,1,False,0
8548,1,False,0
8550,0,True,0
8552,1,False,0
8554,1,False,0
8556,1,False,0
8558,1,False,0
8560,2,True,1
8562,0,True,0
8564,0,True,0
8566,2,False,0
8568,0,True,0
8570,1,False,0
8572,1,False,0
8574,1,False,0
8576,2,True,0
8578,0,True,0
8580,2,False,0
8582,0,True,0
8584,0,True,0
8586,0,True,0
8588,0,True,0
8590,1,False,0
8592,1,False,0
8594,1,False,0
8596,0,True,0
8598,0,True,0
8600,0,True,0
8602,1,False,0
8604,1,True,0
8606,0,True,0
8608,0,True,0
8610,1,True,0
8612,0,True,0
8614,0,True,0
8616,1,False,0
8618,1,False,0
8620,1,False,0
8622,0,True,0
8624,1,False,0
8626,2,False,0
8628,1,False,0
8630,0,True,0
8632,1,True,1
8634,1,False,0
8636,1,False,0
8638,1,False,0
8640,0,True,0
8642,1,False,0
8644,0,True,0
8646,1,True,0
8648,0,True,0
8650,0,True,0
8652,0,True,0
8654,1,True,0
8656,1,False,0
8658,0,True,0
8660,0,True,0
8662,0,True,0
8664,0,True,0
8666,0,True,0
8668,1,False,0
8670,1,False,0
8672,0,True,0
8674,0,True,0
8676,1,False,0
8678,2,True,0
8680,1,True,0
8682,0,True,0
8684,2,False,0
8686,0,True,0
8688,1,False,0
8690,0,True,0
8692,1,True,1
8694,0,True,0
8696,0,True,0
8698,1,False,0
8700,0,True,0
8702,0,True,0
8704,0,True,0
8706,0,True,0
8708,0,True,0
8710,1,False,0
8712,0,True,0
8714,1,True,0
8716,2,True,0
8718,0,True,0
8720,1,False,0
8722,0,True,0
8724,1,False,0
8726,1,True,0
8728,1,False,0
8730,2,True,1
8732,0,True,0
8734,0,True,0
8736,1,False,0
8738,1,False,0
8740,0,True,0
8742,1,False,0
8744,1,True,0
8746,2,False,0
8748,0,True,0
8750,1,False,0
8752,1,True,1
8754,0,True,0
8756,1,False,0
8758,1,False,0
8760,1,False,0
8762,0,True,0
8764,1,False,0
8766,0,True,0
8768,0,True,0
8770,2,True,0
8772,0,True,0
8774,0,True,0
8776,0,True,0
8778,0,True,0
8780,0,True,0
8782,0,True,0
8784,1,False,0
8786,1,True,1
8788,0,True,0
8790,0,True,0
8792,1,True,0
8794,2,True,1
8796,0,True,0
8798,0,True,0
8800,1,False,0
8802,0,True,0
8804,1,True,0
8806,1,False,0
8808,0,True,0
8810,1,True,0
8812,1,True,0
8814,0,True,0
8816,0,True,0
8818,1,True,0
8820,1,False,0
8822,1,False,0
8824,1,False,0
8826,1,False,0
8828,2,False,0
8830,0,True,0
8832,1,True,1
8834,0,True,0
8836,0,True,0
8838,1,False,0
8840,1,True,0
8842,0,True,0
8844,0,True,0
8846,0,True,0
8848,0,True,0
8850,0,True,0
8852,0,True,0
8854,1,False,0
8856,0,True,0
8858,1,False,0
8860,1,False,0
8862,1,False,0
8864,1,False,0
8866,0,True,0
8868,1,False,0
8870,1,False,0
8872,1,False,0
8874,1,False,0
8876,1,False,0
8878,1,False,0
8880,1,True,0
8882,1,False,0
8884,1,True,0
8886,0,True,0
8888,0,True,0
8890,1,False,0
8892,0,True,0
8894,1,False,0
8896,1,False,0
8898,1,False,0
8900,1,True,0
8902,1,False,0
8904,1,False,0
8906,0,True,0
8908,1,True,1
8910,1,False,0
8912,1,False,0
8914,0,True,0
8916,0,True,0
8918,1,False,0
8920,1,False,0
8922,0,True,0
8924,0,True,0
8926,1,False,0
8928,0,True,0
8930,0,True,0
8932,0,True,0
8934,2,True,1
8936,1,True,0
8938,0,True,0
8940,1,True,1
8942,0,True,0
8944,1,False,0
8946,0,True,0
8948,0,True,0
8950,0,True,0
8952,1,True,1
8954,1,False,0
8956,1,False,0
8958,1,False,0
8960,1,False,0
8962,1,False,0
8964,1,False,0
8966,0,True,0
8968,0,True,0
8970,1,False,0
8972,1,False,0
8974,1,False,0
8976,1,False,0
8978,0,True,0
8980,1,True,1
8982,0,True,0
8984,1,False,0
8986,0,True,0
8988,0,True,0
8990,0,True,0
8992,1,False,0
8994,0,True,0
8996,1,False,0
8998,1,False,0
9000,0,True,0
9002,1,False,0
9004,1,True,1
9006,2,True,0
9008,0,True,0
9010,0,True,0
9012,1,False,0
9014,0,True,0
9016,1,False,0
9018,2,False,0
9020,1,False,0
9022,1,False,0
9024,0,True,0
9026,1,False,0
9028,1,False,0
9030,1,True,0
9032,1,False,0
9034,1,False,0
9036,1,False,0
9038,1,False,0
9040,0,True,0
9042,1,False,0
9044,1,True,0
9046,1,False,0
9048,0,True,0
9050,1,True,0
9052,1,False,0
9054,0,True,0
9056,1,False,0
9058,0,True,0
9060,0,True,0
9062,2,False,0
9064,1,False,0
9066,0,True,0
9068,1,False,0
9070,1,False,0
9072,0,True,0
9074,1,True,1
9076,1,False,0
9078,1,True,0
9080,0,True,0
9082,1,False,0
9084,1,False,0
9086,0,True,0
9088,2,True,1
9090,0,True,0
9092,1,False,0
9094,1,True,0
9096,0,True,0
9098,1,False,0
9100,0,True,0
9102,1,False,0
9104,0,True,0
9106,2,False,0
9108,2,True,0
9110,1,False,0
9112,0,True,0
9114,1,False,0
9116,1,False,0
9118,0,True,0
9120,1,False,0
9122,1,True,0
9124,1,True,1
9126,2,True,1
9128,1,False,0
9130,1,False,0
9132,1,False,0
9134,0,True,0
9136,0,True,0
9138,1,False,0
9140,0,True,0
9142,2,False,0
9144,0,True,0
9146,0,True,0
9148,0,True,0
9150,0,True,0
9152,0,True,0
9154,1,False,0
9156,0,True,0
9158,1,True,0
9160,1,False,0
9162,0,True,0
9164,0,True,0
9166,1,False,0
9168,1,True,0
9170,0,True,0
9172,0,True,0
9174,0,True,0
9176,1,False,0
9178,1,False,0
9180,1,True,0
9182,1,True,0
9184,1,False,0
9186,0,True,0
9188,0,True,0
9190,1,False,0
9192,1,False,0
9194,0,True,0
9196,1,False,0
9198,1,False,0
9200,1,False,0
9202,0,True,0
9204,1,False,0
9206,0,True,0
9208,1,False,0
9210,1,True,0
9212,1,False,0
9214,1,True,0
9216,1,False,0
9218,0,True,0
9220,0,True,0
9222,0,True,0
9224,1,False,0
9226,1,False,0
9228,0,True,0
9230,0,True,0
9232,0,True,0
9234,0,True,0
9236,0,True,0
9238,1,False,0
9240,1,False,0
9242,1,False,0
9244,3,True,2
9246,0,True,0
9248,1,False,0
9250,0,True,0
9252,0,True,0
9254,2,True,0
9256,1,False,0
9258,2,True,1
9260,1,True,0
9262,0,True,0
9264,1,False,0
9266,0,True,0
9268,1,False,0
9270,0,True,0
9272,1,False,0
9274,0,True,0
9276,0,True,0
9278,1,False,0
9280,1,False,0
9282,0,True,0
9284,0,True,0
9286,0,True,0
9288,0,True,0
9290,1,True,0
9292,1,False,0
9294,1,True,0
9296,0,True,0
9298,0,True,0
9300,1,False,0
9302,1,False,0
9304,0,True,0
9306,0,True,0
9308,1,False,0
9310,1,False,0
9312,0,True,0
9314,0,True,0
9316,2,False,0
9318,1,False,0
9320,0,True,0
9322,1,False,0
9324,0,True,0
9326,0,True,0
9328,0,True,0
9330,0,True,0
9332,0,True,0
9334,1,False,0
9336,2,True,1
9338,0,True,0
9340,0,True,0
9342,1,False,0
9344,2,True,0
9346,1,False,0
9348,0,True,0
9350,0,True,0
9352,1,False,0
9354,1,False,0
9356,1,False,0
9358,0,True,0
9360,2,True,0
9362,0,True,0
9364,0,True,0
9366,0,True,0
9368,0,True,0
9370,0,True,0
9372,1,False,0
9374,0,True,0
9376,0,True,0
9378,1,False,0
9380,0,True,0
9382,1,False,0
9384,1,False,0
9386,1,True,0
9388,0,True,0
9390,1,False,0
9392,0,True,0
9394,0,True,0
9396,0,True,0
9398,2,False,0
9400,2,False,0
9402,0,True,0
9404,0,True,0
9406,1,False,0
9408,1,False,0
9410,0,True,0
9412,0,True,0
9414,1,False,0
9416,1,False,0
9418,1,False,0
9420,1,True,0
9422,1,True,0
9424,0,True,0
9426,0,True,0
9428,1,False,0
9430,0,True,0
9432,1,False,0
9434,0,True,0
9436,0,True,0
9438,0,True,0
9440,0,True,0
9442,0,True,0
9444,0,True,0
9446,0,True,0
9448,0,True,0
9450,0,True,0
9452,2,True,1
9454,0,True,0
9456,0,True,0
9458,0,True,0
9460,0,True,0
9462,1,False,0
9464,0,True,0
9466,2,True,1
9468,1,False,0
9470,0,True,0
9472,0,True,0
9474,0,True,0
9476,0,True,0
9478,2,True,1
9480,0,True,0
9482,1,True,0
9484,1,False,0
9486,0,True,0
9488,1,False,0
9490,0,True,0
9492,1,True,0
9494,0,True,0
9496,1,False,0
9498,0,True,0
9500,0,True,0
9502,0,True,0
9504,1,False,0
9506,1,False,0
9508,0,True,0
9510,1,True,1
9512,1,False,0
9514,1,False,0
9516,0,True,0
9518,0,True,0
9520,0,True,0
9522,1,False,0
9524,0,True,0
9526,1,False,0
9528,1,False,0
9530,0,True,0
9532,1,False,0
9534,1,False,0
9536,0,True,0
9538,1,False,0
9540,1,False,0
9542,1,False,0
9544,0,True,0
9546,1,False,0
9548,1,False,0
9550,0,True,0
9552,0,True,0
9554,1,False,0
9556,1,False,0
9558,0,True,0
9560,1,True,0
9562,0,True,0
9564,1,False,0
9566,1,False,0
9568,1,True,0
9570,1,False,0
9572,1,False,0
9574,1,False,0
9576,1,False,0
9578,1,True,0
9580,1,False,0
9582,0,True,0
9584,1,True,0
9586,0,True,0
9588,0,True,0
9590,1,False,0
9592,0,True,0
9594,2,False,0
9596,0,True,0
9598,0,True,0
9600,1,False,0
9602,1,False,0
9604,0,True,0
9606,1,True,1
9608,0,True,0
9610,1,False,0
9612,1,True,1
9614,1,False,0
9616,1,True,0
9618,2,True,0
9620,1,False,0
9622,0,True,0
9624,1,False,0
9626,1,False,0
9628,2,False,0
9630,2,True,1
9632,0,True,0
9634,1,False,0
9636,1,False,0
9638,1,False,0
9640,1,True,0
9642,0,True,0
9644,1,True,0
9646,0,True,0
9648,0,True,0
9650,0,True,0
9652,0,True,0
9654,1,True,0
9656,0,True,0
9658,1,False,0
9660,1,False,0
9662,2,True,1
9664,2,False,0
9666,0,True,0
9668,0,True,0
9670,1,True,1
9672,1,True,0
9674,0,True,0
9676,1,False,0
9678,1,False,0
9680,1,False,0
9682,1,False,0
9684,0,True,0
9686,1,False,0
9688,0,True,0
9690,0,True,0
9692,1,True,0
9694,0,True,0
9696,1,True,0
9698,0,True,0
9700,1,True,0
9702,0,True,0
9704,0,True,0
9706,2,True,1
9708,0,True,0
9710,1,True,0
9712,1,False,0
9714,1,False,0
9716,0,True,0
9718,1,False,0
9720,3,True,1
9722,2,True,1
9724,0,True,0
9726,0,True,0
9728,1,False,0
9730,1,False,0
9732,0,True,0
9734,0,True,0
9736,1,False,0
9738,0,True,0
9740,1,False,0
9742,1,False,0
9744,2,True,1
9746,1,True,1
9748,1,True,0
9750,0,True,0
9752,0,True,0
9754,0,True,0
9756,1,False,0
9758,1,True,0
9760,1,False,0
9762,1,True,1
9764,2,True,0
9766,1,False,0
9768,0,True,0
9770,1,False,0
9772,1,False,0
9774,0,True,0
9776,0,True,0
9778,2,False,0
9780,1,True,0
9782,0,True,0
9784,1,True,0
9786,1,False,0
9788,1,False,0
9790,1,False,0
9792,0,True,0
9794,1,False,0
9796,1,False,0
9798,1,False,0
9800,1,False,0
9802,2,False,0
9804,0,True,0
9806,0,True,0
9808,1,False,0
9810,1,False,0
9812,1,False,0
9814,1,False,0
9816,1,False,0
9818,1,False,0
9820,1,False,0
9822,0,True,0
9824,0,True,0
9826,1,False,0
9828,0,True,0
9830,1,True,0
9832,1,True,1
9834,0,True,0
9836,1,False,0
9838,1,True,0
9840,1,False,0
9842,0,True,0
9844,1,True,1
9846,0,True,0
9848,0,True,0
9850,0,True,0
9852,1,False,0
9854,0,True,0
9856,1,False,0
9858,0,True,0
9860,0,True,0
9862,1,False,0
9864,0,True,0
9866,1,False,0
9868,1,False,0
9870,0,True,0
9872,1,True,0
9874,1,False,0
9876,0,True,0
9878,0,True,0
9880,2,True,0
9882,0,True,0
9884,0,True,0
9886,0,True,0
9888,1,True,1
9890,2,True,1
9892,1,False,0
9894,0,True,0
9896,1,False,0
9898,1,False,0
9900,1,False,0
9902,1,True,0
9904,1,True,1
9906,1,True,0
9908,0,True,0
9910,0,True,0
9912,1,False,0
9914,1,False,0
9916,1,True,1
9918,2,False,0
9920,0,True,0
9922,0,True,0
9924,0,True,0
9926,1,False,0
9928,1,False,0
9930,1,True,0
9932,0,True,0
9934,0,True,0
9936,0,True,0
9938,0,True,0
9940,2,True,1
9942,0,True,0
9944,0,True,0
9946,0,True,0
9948,0,True,0
9950,1,False,0
9952,1,False,0
9954,0,True,0
9956,0,True,0
9958,1,False,0
9960,0,True,0
9962,2,True,0
9964,0,True,0
9966,1,False,0
9968,1,False,0
9970,2,False,0
9972,0,True,0
9974,0,True,0
9976,1,False,0
9978,0,True,0
9980,1,False,0
9982,1,False,0
9984,0,True,0
9986,0,True,0
9988,0,True,0
9990,1,False,0
9992,1,False,0
9994,2,True,1
9996,0,True,0
9998,0,True,0
